Distance_0	Distance_1	ID_2	Distance_3	Observation_4	Observation_5	ID_6	Observation_7	Observation_8	Data_9
5311.94	4302.76	0	9078.14	712	734	0	673	807	212.08
8200.85	8256.1	1	5011.24	766	330	1	372	901	542.14
4873.66	9392.95	2	5883.22	697	655	2	810	179	829.1
7770.42	2513.34	3	8740.93	999	890	3	82	809	865.89
8464.23	1062.25	4	9872.88	477	238	4	931	420	656.54
7380.02	8651.95	5	1826.31	320	922	5	763	469	682.03
8163.24	7209.15	6	2187.3	380	519	6	952	550	536.3
4550.71	9106.78	7	3081.94	571	763	7	953	171	598.55
8261.23	5058.05	8	6480.05	36	29	8	755	985	747.79
4876.53	3177.91	9	2241.13	328	805	9	719	285	42.99
9864.41	7912.13	10	4603.01	319	61	10	274	580	305.31
2194.06	9549.07	11	8687.62	386	197	11	16	994	750.72
2713.54	530.3	12	4032.98	709	931	12	353	740	611.66
9360.11	6166.22	13	8909.09	625	51	13	650	353	378.77
7327.46	1396.19	14	7079.67	972	856	14	489	235	537.14
4915.6	6289.55	15	8378.29	123	109	15	123	81	306.54
1812.06	7317.28	16	6202.86	257	329	16	13	121	687.03
7517.08	2030.08	17	1552.58	361	611	17	578	296	835.98
6625.78	5724.49	18	2047.0	868	227	18	862	614	879.48
404.35	6096.95	19	2154.31	978	509	19	565	786	164.68
2448.14	643.03	20	9720.55	92	237	20	942	924	758.71
8769.63	6953.27	21	6341.89	298	729	21	538	399	614.39
1802.87	4246.22	22	1797.27	671	895	22	383	778	675.8
1607.0	3.22	23	5799.91	632	605	23	777	574	484.7
3307.14	9535.91	24	4811.62	261	211	24	193	518	744.64
4601.18	1934.15	25	7407.3	455	746	25	189	5	71.77
3002.18	3357.53	26	6521.66	820	79	26	891	612	443.76
6126.3	3585.26	27	8052.9	284	205	27	981	479	690.82
6956.87	6948.23	28	8856.37	620	859	28	827	984	655.36
8776.44	1805.05	29	4323.85	875	293	29	101	207	813.47
5463.93	8125.61	30	1439.71	519	861	30	226	633	68.83
8839.29	8502.15	31	832.34	135	833	31	105	39	595.72
1804.63	2774.96	32	3106.69	547	820	32	482	966	805.01
9907.52	6669.25	33	7911.35	871	630	33	987	758	602.66
9745.0	318.18	34	9524.69	597	543	34	503	488	279.68
9082.19	1591.47	35	91.5	331	88	35	387	58	289.7
196.16	2278.22	36	7737.04	894	939	36	713	92	851.54
8012.24	5983.46	37	4436.66	734	33	37	917	118	880.65
4219.96	7307.39	38	344.69	443	728	38	905	845	981.37
3188.24	1580.59	39	3282.66	502	226	39	896	642	730.65
259.84	7526.54	40	1059.62	188	447	40	328	34	736.97
4133.19	4088.17	41	568.0	572	676	41	12	500	850.76
3645.79	312.28	42	6985.24	152	574	42	851	812	326.15
3960.23	547.91	43	4083.55	143	166	43	896	784	797.09
3686.7	5164.67	44	6587.71	522	460	44	116	869	172.2
4863.31	1877.65	45	5127.34	32	146	45	354	143	334.31
426.81	7589.41	46	5872.42	558	425	46	390	957	542.03
1269.92	3331.36	47	8548.64	530	872	47	367	772	917.96
8718.3	1069.42	48	2794.84	341	550	48	526	538	555.78
8469.82	8228.92	49	917.08	861	922	49	367	663	414.0
7313.54	4211.54	50	4660.9	519	114	50	494	238	158.57
4082.67	3411.93	51	7124.87	680	590	51	744	644	522.92
1853.62	1671.29	52	690.64	964	817	52	510	120	840.02
6321.01	7736.6	53	2849.38	957	902	53	286	350	645.5
2189.88	265.39	54	3334.62	294	237	54	157	191	6.68
8713.38	5876.77	55	347.28	939	511	55	279	914	231.94
5348.12	3562.45	56	2273.87	976	971	56	665	750	723.77
8018.83	4154.73	57	4783.52	740	983	57	171	100	675.49
4691.6	3181.14	58	1374.89	619	602	58	980	671	43.63
487.54	1946.72	59	7300.43	728	363	59	709	390	341.95
8949.11	7865.25	60	834.68	439	965	60	957	141	23.98
9454.42	2254.77	61	2908.01	419	436	61	875	467	104.68
6482.76	4487.39	62	5577.1	892	943	62	611	309	340.24
8768.43	9560.64	63	4513.55	231	609	63	294	948	104.0
7005.0	9375.24	64	6791.61	816	850	64	975	391	851.36
687.57	3597.68	65	2693.64	145	748	65	37	501	604.05
8121.22	9130.9	66	240.01	770	812	66	571	713	579.78
5897.95	5769.5	67	1662.44	4	510	67	459	789	944.25
7141.96	1370.34	68	2454.89	670	634	68	677	751	803.49
5258.9	2480.22	69	1334.79	663	631	69	867	636	989.03
9882.86	3479.51	70	1126.07	831	720	70	72	608	52.0
6841.08	7154.0	71	2706.96	977	601	71	862	578	447.51
7456.53	8586.82	72	8366.22	330	826	72	275	160	564.39
8413.85	7285.82	73	145.79	717	619	73	321	895	76.67
5766.68	6816.92	74	6735.78	258	265	74	949	35	934.65
5724.7	7823.85	75	4695.86	58	235	75	614	35	616.31
5144.7	8807.65	76	6003.77	632	655	76	96	764	970.26
5340.51	105.85	77	9795.56	962	10	77	218	589	86.22
6970.27	9810.02	78	8725.92	440	197	78	991	969	18.45
1726.7	8269.19	79	9542.92	977	802	79	749	792	429.55
8297.37	5526.19	80	6789.48	710	93	80	188	369	725.54
8057.69	1145.11	81	8263.07	162	302	81	225	60	46.53
8143.35	4857.27	82	4773.07	911	812	82	194	855	965.53
4594.06	3066.19	83	1968.05	268	116	83	378	278	833.49
7349.81	6961.51	84	4205.65	236	910	84	995	372	192.65
8890.56	1239.95	85	8326.86	996	819	85	896	247	220.27
3373.26	5401.7	86	1560.15	461	534	86	72	123	159.75
4520.53	1682.04	87	9151.59	583	454	87	447	265	898.1
7114.4	3610.88	88	3254.27	330	267	88	490	539	737.52
1088.29	3400.88	89	3206.75	272	342	89	788	213	332.17
4240.42	845.39	90	6534.48	435	931	90	389	824	845.91
1094.33	1965.08	91	3672.36	398	532	91	590	585	680.56
3021.89	7306.0	92	1803.79	628	924	92	212	972	273.0
5687.5	264.1	93	6285.64	549	871	93	558	556	69.8
8885.29	1165.91	94	549.56	51	856	94	188	875	418.69
7961.12	8712.52	95	6415.39	563	545	95	909	835	471.96
2624.37	6664.25	96	6619.34	425	665	96	541	72	455.84
3980.14	1122.76	97	7153.76	385	780	97	738	857	374.61
2336.23	208.37	98	9241.95	101	680	98	397	754	336.41
1181.21	681.38	99	4256.64	833	647	99	582	227	445.34
1232.6	6564.16	100	2670.69	397	506	100	757	960	860.51
9587.54	3054.58	101	6676.26	163	595	101	170	73	719.87
9351.16	8186.89	102	4030.59	241	373	102	894	34	873.72
2212.09	7063.18	103	2977.8	302	378	103	8	148	631.47
5029.19	3280.0	104	5804.34	274	382	104	914	204	172.61
4546.83	1024.22	105	7181.81	911	214	105	121	695	296.78
7951.02	6869.28	106	6143.51	574	46	106	556	874	652.64
7060.56	9615.4	107	8140.88	55	863	107	905	232	801.92
2235.57	773.52	108	6313.19	737	127	108	483	472	930.28
1300.88	5027.96	109	6497.76	637	482	109	858	565	595.65
1920.39	6670.0	110	3848.43	210	77	110	859	990	288.08
9411.88	925.01	111	1299.55	687	629	111	351	118	825.29
981.39	5249.48	112	9910.33	23	30	112	723	704	331.42
5135.26	559.97	113	7294.92	237	853	113	305	812	448.68
2536.14	3262.52	114	8903.7	279	44	114	489	203	279.04
7706.75	2607.51	115	6288.3	784	38	115	700	804	754.08
9260.24	5950.74	116	3070.17	365	144	116	952	874	5.35
3022.46	8886.29	117	5176.52	218	313	117	497	308	641.52
4656.99	1743.66	118	8768.17	608	572	118	284	829	376.55
2341.55	832.63	119	5684.04	164	906	119	47	95	747.97
8757.65	8827.1	120	1261.23	803	85	120	311	924	227.97
8922.68	6743.86	121	6834.52	85	102	121	770	469	649.64
5758.92	2293.06	122	782.65	197	117	122	577	615	575.62
2659.82	4419.92	123	2609.22	640	606	123	834	686	211.05
1398.52	4276.96	124	8411.07	937	585	124	667	39	41.59
9385.0	9731.55	125	3218.0	812	222	125	514	433	313.12
6530.68	7181.87	126	8492.85	222	202	126	334	933	572.89
7303.43	4218.94	127	8629.21	724	524	127	81	602	699.87
3527.28	6865.31	128	5715.93	311	735	128	501	632	521.64
1048.96	3576.66	129	9047.1	678	941	129	487	425	158.76
8511.18	4740.5	130	9162.13	508	948	130	560	980	619.56
8456.76	186.95	131	4647.28	658	970	131	265	206	517.68
4029.41	3048.64	132	6046.93	202	405	132	33	990	187.62
7744.03	2311.48	133	9720.84	553	271	133	290	775	821.86
4035.8	2473.17	134	1041.84	647	192	134	927	141	597.42
5493.24	1732.75	135	2158.73	678	577	135	931	617	172.11
9635.59	5088.81	136	2452.74	300	808	136	13	350	550.68
9975.24	5184.55	137	6425.85	599	652	137	159	88	421.39
3904.73	2201.04	138	9711.04	359	130	138	212	92	911.9
8747.58	2728.75	139	428.02	473	873	139	443	66	746.37
4545.68	6972.66	140	5550.6	339	789	140	218	525	284.67
4895.65	7683.53	141	3084.03	474	919	141	211	486	104.16
3742.5	9823.53	142	2578.38	283	741	142	908	114	840.32
7401.57	886.35	143	1740.44	509	323	143	464	778	784.2
2226.25	6021.08	144	6355.33	267	128	144	341	443	271.06
469.22	3982.59	145	8292.39	941	128	145	395	718	392.06
1350.25	8329.92	146	5576.36	999	451	146	792	866	451.61
1975.45	2545.08	147	2755.32	683	206	147	767	546	804.76
802.78	3502.02	148	2065.02	175	654	148	262	697	115.54
8260.64	4957.98	149	867.31	302	825	149	709	36	291.62
9748.41	5283.19	150	3964.62	628	349	150	80	368	920.82
3005.02	1883.62	151	3570.67	82	208	151	86	3	165.73
4819.37	8068.76	152	9948.62	135	278	152	766	776	932.11
9257.19	607.36	153	1220.61	3	318	153	824	7	535.83
5935.74	7776.06	154	8174.31	240	236	154	217	465	49.91
8312.73	9105.28	155	3550.43	629	895	155	504	757	50.04
9829.51	847.09	156	7449.42	466	208	156	21	363	552.34
3574.91	6362.4	157	2495.2	617	488	157	524	130	426.97
5651.51	9453.58	158	466.86	868	49	158	836	722	312.3
5509.89	7053.55	159	123.77	17	873	159	306	201	162.52
6891.21	651.91	160	7840.05	77	518	160	78	671	238.9
9326.93	6305.93	161	9482.78	425	165	161	836	402	779.65
3434.01	5846.07	162	2428.63	807	842	162	59	157	379.22
8500.05	7412.11	163	1207.93	187	966	163	517	21	780.1
305.59	4710.32	164	3217.3	246	268	164	750	179	413.5
866.07	5732.87	165	8240.72	394	313	165	697	591	202.15
3892.88	170.3	166	313.41	544	780	166	869	606	855.96
9835.67	2139.0	167	8774.92	984	958	167	648	287	355.41
59.91	424.58	168	5453.99	353	2	168	767	796	447.1
6034.8	8903.11	169	2842.58	113	249	169	371	649	649.95
3914.53	4434.21	170	4142.71	844	626	170	599	406	975.36
8199.52	4388.37	171	2685.02	370	862	171	47	507	336.07
71.0	3778.33	172	6917.01	362	498	172	999	672	504.5
1683.7	6958.73	173	5741.19	515	896	173	468	862	458.6
1390.48	3994.16	174	7266.63	771	432	174	447	990	456.99
8244.34	7991.24	175	6460.55	932	811	175	152	534	434.39
5940.43	9015.93	176	2571.12	907	915	176	447	743	337.27
9291.19	1122.85	177	5908.46	913	992	177	315	620	986.63
1797.79	6392.31	178	4020.0	87	568	178	799	916	989.0
6764.99	631.95	179	5544.76	614	975	179	446	920	540.78
1718.23	9493.91	180	6552.12	894	588	180	996	431	860.81
3247.51	3402.58	181	1701.27	315	906	181	875	556	705.68
4818.86	7105.98	182	9383.37	506	699	182	634	117	356.98
4115.6	3846.85	183	7525.42	849	634	183	314	640	765.93
7254.48	5672.87	184	8404.78	5	61	184	126	886	691.24
5025.85	8308.24	185	4356.67	288	671	185	78	561	936.02
3255.25	6107.78	186	128.31	315	994	186	145	136	940.63
3568.37	4764.24	187	8477.53	454	47	187	713	320	380.97
3202.64	5295.1	188	7720.12	983	934	188	458	43	597.07
4675.58	8294.05	189	84.52	668	53	189	14	425	522.04
1281.89	3717.52	190	3854.11	815	309	190	483	548	873.0
9375.29	3761.43	191	9999.21	12	316	191	175	437	353.67
113.71	9646.21	192	8041.95	519	660	192	587	939	968.06
2123.94	3267.38	193	5016.21	458	95	193	297	585	974.47
7683.67	3472.75	194	6504.0	489	707	194	120	782	389.04
5524.96	228.84	195	9710.32	977	405	195	404	405	390.91
120.52	627.13	196	330.02	325	967	196	914	317	945.79
8850.79	7053.66	197	6773.49	412	319	197	373	156	826.13
9232.66	3979.71	198	1916.76	264	968	198	446	34	79.14
6048.41	6750.62	199	8450.35	466	443	199	262	574	268.26
7245.08	3386.23	200	3413.62	369	32	200	387	741	871.68
9951.68	6786.32	201	6538.1	648	450	201	522	480	688.58
5307.26	2700.33	202	5626.73	511	742	202	150	696	30.04
2693.73	707.55	203	1886.7	115	444	203	523	922	172.49
1311.47	1534.08	204	1358.8	388	647	204	774	473	522.77
4460.29	743.67	205	9312.84	589	770	205	542	187	317.68
7526.17	2367.85	206	7439.79	692	851	206	412	644	789.71
443.6	9352.93	207	6522.67	836	569	207	273	926	626.35
7005.3	4727.85	208	136.5	583	666	208	69	712	519.28
9938.62	3653.42	209	4653.4	595	220	209	975	613	758.32
4502.42	8701.49	210	2472.23	945	42	210	865	782	591.16
798.39	1721.25	211	3818.89	882	144	211	193	575	850.44
3918.93	1458.6	212	865.31	279	697	212	900	282	369.92
8957.28	9042.99	213	6904.32	257	114	213	340	716	763.83
3946.99	8338.24	214	360.71	163	704	214	705	638	985.46
1916.66	8401.1	215	3420.94	523	219	215	38	228	381.11
4869.0	96.06	216	9736.27	740	180	216	14	604	614.84
3592.87	9038.81	217	5145.05	999	801	217	161	703	44.61
7697.73	8176.37	218	2522.14	84	734	218	968	294	991.86
1036.65	2479.5	219	8785.98	238	48	219	510	832	264.36
2644.62	2439.62	220	6305.0	858	900	220	506	397	856.87
6099.13	6371.1	221	8302.97	56	747	221	370	611	86.67
6309.59	8756.41	222	3643.58	957	570	222	613	858	962.41
2323.97	3121.97	223	44.57	955	175	223	931	40	520.98
6515.02	4212.07	224	3453.86	211	627	224	134	180	363.8
5878.9	9672.06	225	4907.64	782	839	225	865	328	430.55
5648.18	9869.4	226	1616.41	435	172	226	384	303	186.96
4834.88	1483.75	227	6696.25	189	630	227	779	647	595.14
9037.33	6350.52	228	1994.92	686	95	228	650	213	841.77
5327.31	1724.38	229	4285.22	294	408	229	766	229	502.38
1924.98	5336.7	230	1055.69	755	159	230	560	997	813.02
5375.96	4709.44	231	2630.77	215	781	231	63	105	864.19
233.53	3030.24	232	9419.04	302	654	232	727	709	252.18
6453.98	4473.07	233	4684.1	247	661	233	3	479	699.59
859.92	4156.03	234	9508.77	484	422	234	14	836	463.85
9614.37	5112.69	235	4670.76	108	348	235	315	997	818.93
1501.44	8890.01	236	4084.56	213	547	236	883	314	148.89
9464.1	2123.83	237	524.9	185	229	237	184	599	334.63
6103.03	3566.25	238	4499.48	334	419	238	271	388	407.05
4315.75	7464.79	239	6510.71	199	576	239	661	640	887.76
5526.87	5917.56	240	6600.97	58	610	240	580	873	500.01
6310.0	1574.93	241	160.79	729	197	241	778	710	546.77
3644.72	4422.09	242	5211.56	632	868	242	551	155	608.03
7803.8	8302.65	243	9990.68	114	148	243	261	200	495.0
6345.62	5212.16	244	8653.07	551	529	244	558	33	841.39
5850.55	271.83	245	8278.82	176	337	245	15	315	49.99
1329.03	1732.68	246	3166.64	471	260	246	929	688	718.05
7229.91	696.78	247	4336.07	486	39	247	687	329	605.51
3837.19	1231.69	248	4235.53	60	56	248	490	195	984.93
2031.72	4059.61	249	1943.8	593	758	249	889	344	746.65
4336.45	6917.99	250	7340.7	40	997	250	578	72	746.82
9775.16	9264.24	251	5978.43	45	486	251	89	651	257.3
6636.55	632.68	252	5942.09	499	326	252	117	15	131.52
5348.78	4383.1	253	7414.38	282	882	253	80	522	800.82
235.03	9002.21	254	6676.0	42	640	254	275	643	791.21
2737.4	4915.55	255	542.9	464	281	255	245	384	257.33
3380.14	5112.92	256	1785.75	215	778	256	873	471	634.37
8889.02	2155.16	257	8726.84	40	350	257	265	912	994.41
4075.9	8063.44	258	1190.96	124	24	258	771	1	688.37
2066.51	2612.92	259	416.85	644	570	259	557	592	27.12
8509.75	8766.68	260	6.24	619	44	260	496	59	681.92
7826.49	5506.89	261	581.62	706	666	261	468	236	897.45
2040.67	8703.69	262	9652.95	205	439	262	552	123	420.0
5994.65	1850.92	263	2093.22	908	880	263	658	365	810.97
2768.93	3994.81	264	3283.2	13	57	264	733	972	672.28
4131.21	6199.78	265	6247.79	226	204	265	370	677	687.19
9129.56	3761.83	266	627.31	138	703	266	514	295	845.81
8687.88	2226.31	267	7269.18	444	819	267	363	779	383.16
8727.23	1950.28	268	4063.95	964	600	268	46	640	152.59
3377.45	8434.36	269	8339.1	341	74	269	164	2	532.52
2827.03	5980.9	270	7771.08	363	428	270	980	883	194.65
4795.87	8473.08	271	8400.17	797	354	271	658	866	124.68
795.23	8107.13	272	5523.38	794	676	272	7	685	473.37
6199.0	1830.03	273	1807.8	428	631	273	88	836	991.94
2546.9	8660.59	274	9972.75	130	438	274	29	346	761.34
9030.0	558.64	275	1225.19	108	831	275	889	974	487.52
2522.85	1096.85	276	8948.95	115	499	276	323	172	595.36
1338.73	5237.13	277	3237.24	669	50	277	400	970	217.69
1716.47	9671.41	278	6418.82	938	453	278	632	863	635.3
4826.1	6543.96	279	5091.04	905	95	279	312	779	394.12
7716.2	6020.29	280	8273.03	799	213	280	3	252	288.1
6006.89	2753.4	281	3778.15	366	821	281	950	730	821.38
5136.47	1776.58	282	1560.29	12	437	282	999	858	419.98
2013.15	7378.95	283	7006.2	927	520	283	777	707	387.23
9949.46	7246.96	284	149.57	345	514	284	496	211	650.97
6392.16	7161.44	285	4576.65	299	639	285	197	239	768.3
2000.05	333.73	286	6150.52	888	478	286	787	178	599.69
5670.86	547.28	287	7194.15	717	528	287	176	299	51.45
3640.22	6357.7	288	8026.63	243	760	288	406	235	824.24
3982.82	9106.25	289	3936.99	231	693	289	205	107	765.13
7418.93	3814.56	290	1787.57	194	583	290	186	364	562.42
1987.04	2704.21	291	2717.44	658	22	291	852	322	566.1
8665.96	7449.67	292	5847.32	579	650	292	984	170	332.14
4262.71	7739.54	293	9307.29	386	279	293	152	983	153.3
1716.44	4675.91	294	5089.68	248	924	294	469	252	897.8
6908.99	2165.73	295	9866.36	773	689	295	579	823	926.72
3707.36	7782.4	296	145.08	958	981	296	681	968	124.39
8827.42	6904.35	297	3696.2	575	107	297	498	335	231.62
1191.88	2904.3	298	3909.78	636	572	298	301	992	797.1
3893.58	6490.77	299	3084.51	391	920	299	827	586	886.13
2743.0	7476.64	300	352.01	649	841	300	97	8	940.27
8326.14	9525.72	301	9000.85	459	915	301	848	975	986.57
304.77	699.48	302	373.42	297	87	302	728	613	299.11
6226.29	4602.69	303	8262.85	153	600	303	739	692	853.51
6400.4	3469.79	304	1524.64	270	908	304	706	831	938.31
5952.86	6630.68	305	5423.99	32	23	305	522	663	568.29
3963.63	8335.18	306	2231.69	835	473	306	127	841	435.08
3737.96	6538.6	307	2216.64	229	157	307	389	951	619.08
1469.3	8772.27	308	570.77	105	777	308	657	469	316.48
8258.75	6783.82	309	223.44	932	300	309	104	447	949.28
4841.03	9536.75	310	9939.55	273	992	310	965	719	845.3
1475.0	3055.63	311	8929.98	713	927	311	31	798	474.86
6480.13	4604.71	312	8921.18	223	293	312	931	733	156.53
6504.09	9429.36	313	9179.88	490	570	313	45	588	333.51
4460.1	7495.44	314	5539.59	937	412	314	827	956	171.86
7864.58	9539.09	315	8151.53	359	208	315	713	739	820.54
7932.81	3339.08	316	1716.01	333	647	316	237	214	636.71
2151.8	7542.94	317	2013.82	96	767	317	888	944	3.49
7409.89	8583.02	318	2396.82	106	624	318	258	815	10.07
1244.97	5427.15	319	4969.16	659	440	319	994	230	34.25
3362.77	5056.72	320	4706.72	399	96	320	650	140	932.6
6669.86	6251.21	321	4482.64	754	276	321	168	291	517.0
856.13	8447.03	322	5359.46	766	790	322	719	123	794.99
2561.94	5005.53	323	1160.43	160	743	323	58	780	726.37
7133.88	4624.0	324	7981.05	392	610	324	207	339	48.28
6035.08	2832.41	325	6064.91	771	48	325	55	162	110.76
1148.24	9640.47	326	7053.51	105	142	326	512	886	951.18
7691.28	3408.5	327	8671.78	637	957	327	243	498	653.72
4342.01	7756.11	328	9483.15	772	944	328	705	880	866.15
7274.42	7467.6	329	1856.68	934	804	329	786	374	861.63
1229.45	4532.12	330	9641.94	803	510	330	932	153	23.31
8006.69	1512.4	331	816.5	335	921	331	837	441	338.57
2309.77	5867.65	332	1926.81	384	429	332	185	485	898.59
2240.0	8647.2	333	746.13	942	398	333	21	750	373.69
2368.55	3999.98	334	5477.03	809	969	334	716	854	700.76
8992.2	5439.71	335	4539.26	992	352	335	361	863	619.52
2284.84	6672.96	336	2116.55	372	256	336	407	130	866.55
7577.69	9988.27	337	4917.16	549	315	337	242	92	726.76
5660.77	9122.15	338	1614.92	176	533	338	77	958	78.87
5377.13	1512.86	339	3842.94	16	595	339	3	330	654.06
3661.94	3539.54	340	5160.16	451	584	340	661	294	129.45
7256.32	8361.33	341	4234.58	146	384	341	454	89	664.9
8806.05	4786.3	342	4540.79	999	411	342	570	86	975.3
2249.15	4072.01	343	4595.48	705	998	343	802	594	491.86
1847.66	1207.69	344	5753.31	986	180	344	138	530	568.0
3132.05	7023.54	345	6089.03	331	540	345	238	15	362.75
5900.44	8879.43	346	5428.04	508	651	346	678	282	280.34
8284.0	5562.23	347	703.15	506	679	347	539	847	231.1
1264.62	5670.53	348	1212.64	163	910	348	681	625	38.0
6742.6	2854.52	349	5392.83	392	455	349	825	211	757.93
457.23	9562.03	350	4513.75	481	129	350	880	207	855.54
6207.57	544.09	351	8136.21	701	530	351	636	340	305.68
6890.92	5428.5	352	1634.13	647	34	352	221	230	145.42
7942.71	3044.75	353	3710.17	350	237	353	118	83	161.42
3163.36	7819.58	354	8244.43	298	172	354	641	227	383.06
2023.1	1913.58	355	604.12	193	987	355	412	772	748.01
4585.36	953.0	356	7957.6	868	541	356	810	333	980.34
7778.95	7476.56	357	4741.28	988	700	357	238	774	150.73
7191.81	6846.83	358	5842.83	132	935	358	619	242	306.88
2172.76	5040.16	359	127.77	842	437	359	464	652	703.4
2458.86	3436.55	360	1805.73	492	833	360	630	670	445.1
4739.42	6847.66	361	3668.37	244	463	361	361	874	886.49
9594.87	1224.94	362	278.68	672	132	362	326	359	395.07
3198.21	9558.71	363	1682.65	522	691	363	594	972	222.75
1899.41	9615.4	364	2909.76	942	936	364	540	993	854.75
5955.05	338.74	365	3886.97	854	157	365	796	72	98.66
3439.56	6174.71	366	2404.01	686	597	366	180	548	230.74
1642.23	6478.0	367	1007.96	525	713	367	830	541	249.09
3853.0	6046.78	368	4725.4	230	657	368	545	333	667.06
8632.44	3848.1	369	7638.9	70	970	369	341	396	699.46
7479.01	7575.93	370	1101.56	344	919	370	583	46	658.51
2732.83	4214.55	371	3496.39	662	297	371	85	926	479.28
4358.78	1467.88	372	1602.82	473	858	372	208	512	589.92
1045.85	9861.06	373	2142.44	62	731	373	853	763	940.2
7426.95	6989.05	374	5050.17	969	324	374	261	657	134.4
7154.13	3661.75	375	8761.86	275	34	375	787	195	131.07
8867.44	8736.44	376	5061.05	471	948	376	65	752	36.28
3382.5	3208.8	377	6938.3	775	203	377	926	189	826.99
1017.26	8259.24	378	9099.19	844	449	378	625	73	431.08
2069.41	4914.19	379	4049.33	337	627	379	28	240	126.94
3739.13	3273.19	380	4518.56	261	971	380	855	859	599.63
6456.39	1731.32	381	2078.31	284	200	381	478	628	360.6
350.08	243.08	382	7722.36	317	367	382	186	53	217.79
6179.89	2083.7	383	1859.88	716	662	383	155	353	786.73
4844.26	3316.21	384	4782.67	406	74	384	690	328	315.25
4803.91	1901.54	385	1553.88	344	285	385	571	704	736.44
9766.44	8393.27	386	3340.3	898	989	386	632	771	759.55
7240.59	4375.64	387	1710.24	80	574	387	641	597	338.77
7766.56	5550.4	388	4009.82	252	951	388	385	718	369.15
2710.41	9282.95	389	4406.96	411	661	389	322	357	533.18
2476.99	1929.18	390	1929.81	814	802	390	824	878	128.56
1369.8	9272.8	391	7051.72	946	923	391	155	881	124.52
629.99	9320.05	392	2098.67	638	564	392	769	506	874.07
8814.99	9922.86	393	7818.49	12	356	393	87	178	577.08
256.24	4974.22	394	4769.04	964	917	394	50	850	285.93
3912.37	111.11	395	2358.54	948	631	395	853	916	207.13
1698.16	4473.47	396	8549.65	913	785	396	178	471	215.25
3220.2	8422.08	397	8089.31	148	714	397	12	356	611.3
5289.2	6376.61	398	3224.7	707	611	398	938	770	842.59
2984.65	2601.95	399	8734.71	477	804	399	152	476	168.55
5338.85	7440.65	400	5473.2	386	91	400	435	757	767.59
8312.25	6169.92	401	5574.88	476	875	401	821	510	613.09
4307.6	3165.06	402	9657.75	238	964	402	583	617	114.69
6025.98	1867.36	403	1832.21	64	688	403	879	398	249.93
1474.66	9455.6	404	790.88	258	462	404	975	260	80.98
1151.64	5501.12	405	9726.99	399	775	405	772	612	330.14
8870.14	4174.47	406	7481.19	191	421	406	938	581	451.91
7114.1	3087.77	407	6376.95	986	259	407	866	947	510.09
3984.46	6225.87	408	8407.91	401	190	408	246	178	624.44
450.93	3003.81	409	6786.67	337	487	409	167	50	589.43
8818.89	2382.04	410	4612.57	799	752	410	887	199	954.62
3872.98	8266.41	411	4258.71	206	767	411	825	553	480.13
3909.57	3949.7	412	7417.19	22	119	412	129	448	319.58
4941.5	7253.54	413	6969.11	433	976	413	577	300	554.35
5916.82	9496.6	414	2456.72	878	955	414	818	106	316.3
9612.05	4848.65	415	6174.98	586	644	415	921	908	439.58
1275.55	2536.44	416	5644.12	611	683	416	646	841	627.65
1881.2	2405.75	417	6020.15	559	907	417	523	157	301.47
2147.61	6229.69	418	8627.0	449	610	418	221	966	270.09
3694.57	6711.6	419	250.06	681	429	419	616	946	742.65
3063.56	1563.67	420	3826.14	996	503	420	700	253	358.85
7668.36	7352.93	421	8112.57	245	150	421	551	868	116.54
5067.12	6498.71	422	7779.89	977	185	422	326	498	731.08
7536.4	7870.83	423	1356.93	667	510	423	318	181	643.79
9196.65	719.14	424	1419.53	574	543	424	442	591	61.71
8364.69	8572.19	425	7918.02	20	853	425	757	381	470.17
8969.58	2189.87	426	6652.86	912	209	426	699	86	773.3
5722.05	1043.07	427	810.57	439	830	427	967	505	381.12
2690.1	4385.55	428	7414.4	862	380	428	229	554	954.9
1452.85	6216.15	429	1017.69	522	150	429	456	137	415.12
3485.98	7672.34	430	2304.86	791	51	430	904	978	675.15
9033.7	2639.94	431	6308.2	889	442	431	595	314	122.04
5472.88	3447.75	432	7928.02	2	933	432	162	542	29.18
9465.75	7373.75	433	4915.06	755	931	433	640	134	692.85
496.04	3247.32	434	931.68	214	809	434	957	539	629.07
4594.49	6926.58	435	8431.03	931	19	435	283	828	232.3
1209.84	3558.52	436	7974.26	227	588	436	655	257	342.76
1737.5	1390.41	437	2865.71	335	434	437	507	429	458.67
704.99	1012.98	438	8569.54	783	165	438	42	888	701.9
6451.48	3291.4	439	9231.5	171	828	439	118	968	890.2
7230.02	4576.64	440	1844.39	324	889	440	133	261	18.8
2351.62	9502.66	441	8492.94	159	545	441	47	652	454.27
596.4	8865.8	442	7194.14	953	825	442	503	932	680.49
1966.81	6179.63	443	7957.67	532	760	443	146	840	477.14
9517.03	8098.77	444	5860.41	891	622	444	753	294	498.12
991.11	1682.1	445	3837.77	783	373	445	748	736	481.49
4803.83	5732.04	446	3117.01	699	898	446	929	949	753.02
4317.55	6821.62	447	5635.1	410	223	447	2	81	123.18
1638.66	2330.14	448	4578.86	816	217	448	902	617	731.27
3331.09	3506.85	449	9194.95	830	832	449	911	664	265.93
3663.0	3555.21	450	2688.42	646	359	450	254	27	853.23
9293.77	9881.4	451	3937.65	929	546	451	749	983	231.39
3847.09	4338.01	452	7451.98	839	317	452	776	419	534.59
3043.26	17.06	453	9336.65	823	323	453	851	847	976.63
7886.1	9487.92	454	3784.53	194	212	454	135	263	773.13
998.77	5688.83	455	3098.75	984	866	455	329	627	409.69
7112.09	8747.29	456	7626.53	99	981	456	668	263	330.75
2610.07	3858.71	457	9848.53	730	501	457	655	643	891.03
6643.0	5793.01	458	1863.32	872	67	458	360	451	550.29
9702.73	6975.56	459	1365.45	18	738	459	140	616	752.89
7914.48	6251.46	460	9486.22	520	17	460	663	752	79.46
7128.7	4444.57	461	6832.03	13	812	461	835	982	601.94
6926.94	1976.51	462	4963.46	420	204	462	29	195	50.28
4081.13	9665.72	463	2477.1	368	543	463	197	307	911.68
1560.35	5079.75	464	9628.43	557	248	464	710	219	134.13
4762.87	6043.58	465	4352.04	998	481	465	962	909	710.57
9227.36	9160.57	466	928.13	328	752	466	498	648	600.76
1077.77	1188.81	467	8768.62	265	732	467	153	930	201.08
1054.3	707.81	468	9823.51	600	238	468	736	231	939.93
1644.39	7682.29	469	4997.98	520	479	469	368	721	758.99
3802.05	9131.64	470	2189.86	114	505	470	629	59	891.69
9276.94	6718.44	471	5598.13	83	808	471	681	296	860.02
727.85	8290.59	472	406.48	35	771	472	608	446	54.53
4800.01	9468.13	473	6340.8	810	230	473	246	61	708.31
2592.95	8602.74	474	8965.33	958	517	474	989	983	485.42
6413.72	401.09	475	5620.19	676	807	475	278	596	71.34
5455.54	992.1	476	771.38	288	134	476	917	173	914.74
8733.11	2307.35	477	1734.51	777	640	477	673	99	544.22
3146.07	4406.76	478	594.37	112	147	478	917	682	454.97
5536.56	764.45	479	8194.72	813	764	479	272	610	817.97
1087.42	3.17	480	7428.99	234	294	480	705	862	565.97
9633.44	6165.71	481	8294.78	411	454	481	114	218	259.41
9178.56	5958.0	482	3015.54	909	930	482	248	124	145.34
6353.43	983.03	483	4756.1	757	491	483	570	184	656.86
9554.06	1988.97	484	7083.68	853	524	484	330	850	796.16
9273.83	9024.12	485	3912.37	691	247	485	325	809	254.68
2925.96	8898.35	486	5484.76	742	724	486	707	514	10.97
6723.51	8982.59	487	399.94	732	876	487	567	781	29.95
5178.98	1708.1	488	8024.56	72	732	488	806	88	353.04
3231.5	6380.83	489	7830.01	94	437	489	558	820	411.37
9060.7	1311.85	490	1562.6	391	905	490	831	152	185.04
1181.78	1702.19	491	3050.23	198	523	491	222	408	335.38
8759.04	2110.81	492	6916.62	872	234	492	882	25	208.04
711.06	3898.18	493	9089.27	933	780	493	959	799	227.1
2692.04	3444.02	494	5672.24	881	672	494	48	630	906.77
3079.5	1992.19	495	1105.03	85	799	495	119	532	201.54
6306.18	9268.29	496	3541.05	311	413	496	828	887	964.48
3915.92	6270.51	497	7685.56	24	457	497	665	66	801.84
5934.44	5067.29	498	8757.35	932	916	498	76	346	959.23
6738.28	1237.75	499	3379.17	376	54	499	309	191	605.99
9656.17	4352.5	500	5704.32	361	862	500	674	142	970.3
9389.33	593.56	501	96.82	540	360	501	768	190	50.5
5882.26	5097.73	502	542.99	503	970	502	747	575	559.66
2742.13	1154.14	503	2109.44	455	63	503	674	967	474.75
3130.11	7510.5	504	2384.12	609	304	504	376	661	779.29
3419.8	4165.11	505	7265.42	397	148	505	642	32	291.56
2121.17	5469.17	506	6020.75	934	646	506	866	341	411.57
7260.05	7423.79	507	1104.01	3	696	507	468	616	2.78
321.03	1063.44	508	1795.72	702	879	508	878	315	478.67
9873.49	364.48	509	1197.88	22	844	509	433	322	951.76
8687.58	3885.65	510	1886.97	780	594	510	963	327	523.88
1339.78	6236.14	511	8568.63	535	226	511	79	588	547.98
8793.79	5818.86	512	4883.8	837	856	512	561	353	91.09
2153.96	1627.24	513	290.65	922	925	513	964	314	997.67
5825.83	6485.67	514	8831.04	68	987	514	625	571	951.57
8972.5	2530.16	515	218.34	258	582	515	545	26	546.01
6786.63	7946.88	516	9116.87	684	795	516	782	187	1.76
4493.95	950.92	517	3864.55	640	528	517	189	141	659.78
1610.51	8696.68	518	7095.8	229	33	518	262	131	274.29
7313.69	9726.62	519	3474.33	770	150	519	604	914	49.36
348.51	7233.58	520	7109.88	516	515	520	808	622	289.77
7697.71	1374.83	521	5305.93	136	687	521	269	997	601.55
6586.08	7525.39	522	4793.1	541	451	522	707	742	163.12
3478.28	2131.85	523	1046.29	275	133	523	856	865	424.44
6017.9	179.14	524	9691.31	64	341	524	880	961	284.47
5627.23	5046.18	525	6257.3	413	381	525	737	986	218.47
7219.43	907.03	526	1370.43	71	890	526	399	696	696.44
4307.94	8819.49	527	5451.25	419	328	527	347	827	673.34
5758.91	7035.77	528	5536.8	747	923	528	458	49	676.71
6350.71	1724.67	529	2952.12	472	846	529	943	958	459.16
2265.91	4929.72	530	9783.65	257	981	530	588	294	90.82
2697.58	2687.87	531	8523.65	968	224	531	883	144	600.09
1956.23	2131.15	532	2724.47	48	854	532	820	784	385.54
5002.03	4984.18	533	2960.73	513	712	533	787	586	82.85
1496.22	3737.27	534	5483.83	939	993	534	642	561	114.83
7057.25	7850.35	535	6094.52	64	458	535	249	555	220.56
5619.5	5132.11	536	6383.68	286	91	536	943	104	107.86
8232.46	293.1	537	6696.83	754	791	537	750	595	144.55
3838.92	2954.04	538	2084.77	624	18	538	684	37	800.98
4650.47	8625.51	539	9318.19	175	932	539	105	393	272.41
9705.63	4956.25	540	1778.99	542	606	540	310	741	681.06
4542.18	1120.17	541	1605.49	479	607	541	510	376	61.55
5738.91	5798.41	542	4509.24	705	449	542	17	794	645.48
8036.43	6879.9	543	8452.89	333	894	543	1	227	271.12
6736.58	7178.46	544	9777.8	212	523	544	297	606	811.95
2129.04	5735.61	545	8700.62	599	870	545	90	99	727.66
1447.81	820.99	546	4002.34	119	833	546	131	580	745.92
2651.2	8676.3	547	5733.93	40	425	547	98	795	234.48
7765.81	6788.66	548	9712.63	332	98	548	642	179	138.48
4907.13	6145.26	549	5902.89	709	470	549	609	575	641.47
9095.91	4162.94	550	2824.57	118	573	550	898	102	855.51
1683.65	824.19	551	3752.52	677	143	551	859	35	441.68
3193.37	4863.1	552	4134.17	106	762	552	973	669	297.66
9613.79	4811.55	553	4872.94	557	869	553	743	630	448.98
1599.57	6324.0	554	5279.38	523	180	554	534	897	647.12
4905.0	5150.92	555	9952.39	571	10	555	414	352	782.04
8281.56	8927.61	556	7573.66	85	438	556	918	746	322.67
2999.5	6609.15	557	5024.68	887	533	557	348	985	483.28
1907.86	9001.8	558	2368.34	576	978	558	214	617	808.55
3721.49	2397.71	559	7726.68	283	390	559	572	639	513.22
7823.78	8725.32	560	9636.35	109	28	560	357	9	40.07
5621.2	57.48	561	123.04	422	85	561	537	877	807.09
4389.62	4836.96	562	9961.24	722	722	562	884	813	838.65
5807.96	6810.22	563	3725.09	238	982	563	921	399	507.34
8347.66	8292.62	564	5824.26	379	843	564	768	834	125.51
2229.99	8295.91	565	578.59	634	477	565	158	309	720.64
603.38	3116.73	566	715.88	600	164	566	534	879	797.91
3697.28	8077.47	567	6097.38	71	562	567	475	605	504.91
1140.84	449.32	568	1401.78	192	697	568	102	642	677.13
6386.96	542.31	569	1440.66	290	150	569	821	231	115.75
2676.9	1813.69	570	1533.74	8	248	570	625	811	688.17
6443.07	3461.29	571	8089.9	445	977	571	433	127	847.08
9056.5	7150.31	572	1025.8	866	610	572	594	380	544.75
902.67	4880.71	573	13.85	263	671	573	385	893	203.38
1511.02	1771.54	574	371.4	28	189	574	151	67	931.2
6115.58	9840.47	575	229.71	948	106	575	924	503	543.93
135.58	8708.5	576	1781.11	603	661	576	997	460	640.15
922.06	8507.2	577	3743.55	608	852	577	78	94	315.9
4776.0	171.43	578	936.5	888	998	578	421	838	423.78
187.97	6313.97	579	4603.46	134	305	579	707	685	997.88
1608.29	8062.97	580	1142.07	407	287	580	362	895	479.36
3570.91	4876.95	581	7057.48	329	573	581	631	963	733.49
2384.22	9829.39	582	3191.3	737	685	582	318	425	909.81
3473.42	192.55	583	9297.68	560	404	583	2	834	259.14
2205.24	7879.02	584	8770.24	134	53	584	605	922	515.65
3037.85	4700.71	585	1115.54	845	925	585	580	195	127.84
3214.47	935.61	586	2966.64	259	47	586	550	467	870.66
3076.75	8916.0	587	4946.52	226	165	587	546	527	373.24
7315.83	1248.84	588	8154.18	285	636	588	630	507	279.58
6246.54	1991.61	589	9650.64	285	978	589	154	468	524.58
7471.36	2048.77	590	4763.98	195	619	590	495	159	953.1
8322.09	4516.72	591	6572.11	412	669	591	898	411	357.13
8830.85	4278.17	592	36.02	142	707	592	98	212	100.22
4779.9	3329.23	593	9367.77	263	855	593	834	38	815.53
5533.11	6197.86	594	1623.12	60	12	594	104	50	354.29
974.41	2377.25	595	8160.78	773	886	595	829	73	683.38
4035.22	4137.92	596	7684.8	302	663	596	405	113	343.0
1735.66	5621.46	597	8712.9	163	726	597	822	886	571.59
236.66	7943.94	598	204.73	474	993	598	359	173	730.48
2789.39	1517.28	599	1471.0	211	155	599	245	446	26.06
2518.75	5371.04	600	329.96	219	893	600	153	509	420.28
9279.5	8826.96	601	1215.6	245	406	601	275	790	981.76
1306.16	6732.68	602	5979.15	75	335	602	939	998	912.42
148.33	5615.5	603	5314.54	394	308	603	24	89	563.8
5827.79	401.93	604	2594.25	654	993	604	53	705	240.08
6340.07	557.43	605	2477.61	413	345	605	180	392	352.94
7171.9	1770.19	606	5152.32	801	812	606	718	909	214.39
9172.31	7942.13	607	3587.15	186	736	607	690	598	992.26
4346.89	6662.53	608	5560.18	858	396	608	491	821	868.33
9983.15	9366.32	609	9356.42	945	873	609	787	636	76.41
5488.82	6127.63	610	2304.41	183	974	610	387	943	778.68
4153.77	6008.59	611	2253.91	398	535	611	389	540	147.28
7853.96	3530.32	612	3398.01	506	269	612	26	129	242.6
4111.81	6634.22	613	1787.47	362	948	613	93	926	957.16
2333.92	8365.69	614	4040.93	844	925	614	216	875	891.98
98.0	3908.03	615	2726.6	925	723	615	764	121	859.02
1126.84	5653.92	616	6325.7	81	799	616	872	803	637.09
7219.4	4852.37	617	7437.34	120	390	617	351	50	855.56
8234.38	5113.14	618	2026.12	561	723	618	362	466	895.89
7299.02	9761.28	619	9935.37	284	760	619	232	281	913.67
3506.57	3591.48	620	1089.1	959	693	620	909	884	38.54
50.36	1158.49	621	9328.6	978	752	621	618	778	161.23
1098.84	1989.68	622	7552.37	798	599	622	395	434	921.5
3649.0	7599.45	623	1508.09	236	515	623	249	156	950.02
1262.7	450.56	624	198.45	998	56	624	366	399	74.25
6676.74	2217.59	625	40.23	784	627	625	977	963	83.92
7229.96	5798.05	626	8681.99	669	855	626	841	555	119.64
4979.68	1449.11	627	46.12	288	315	627	946	314	73.92
2526.86	3955.3	628	2807.25	919	437	628	473	672	344.81
8448.99	782.54	629	9169.26	561	849	629	929	1000	709.35
49.56	7242.77	630	8221.96	916	687	630	453	830	276.41
3088.52	359.5	631	1665.3	852	437	631	414	319	419.54
7224.7	1389.04	632	3908.91	220	190	632	120	344	309.97
8164.13	3726.34	633	7810.95	135	791	633	493	349	415.3
686.45	3311.44	634	2232.47	501	181	634	533	121	96.26
395.3	2289.79	635	5785.33	106	997	635	314	246	50.51
8526.85	9237.16	636	8901.43	546	77	636	725	760	526.62
9287.51	7449.34	637	4494.99	645	341	637	644	463	510.58
1514.76	1439.0	638	2307.32	96	204	638	172	512	703.3
2578.46	9639.21	639	7860.86	254	897	639	256	907	101.54
9573.81	8568.24	640	8327.39	911	623	640	577	583	515.03
9645.79	932.21	641	5893.58	943	966	641	373	262	933.88
1927.19	5787.28	642	4425.9	453	460	642	453	641	552.4
1631.7	8635.12	643	1499.65	866	784	643	213	367	643.27
8601.12	547.98	644	5415.2	952	44	644	839	533	671.33
7254.8	5598.04	645	1503.29	595	331	645	484	727	650.53
1466.16	4472.22	646	930.05	820	96	646	671	896	650.3
9216.67	2341.12	647	9411.42	212	108	647	310	170	361.39
3612.32	8687.46	648	2852.43	896	179	648	781	903	893.17
3859.71	5097.25	649	59.93	986	386	649	105	384	781.05
6436.38	6564.97	650	1288.39	865	251	650	56	312	20.49
7154.61	462.07	651	7118.12	319	504	651	307	562	762.93
3850.59	4933.89	652	5748.81	750	12	652	901	313	112.7
2210.64	2227.34	653	8349.26	106	764	653	747	798	164.03
8522.58	3262.9	654	8773.87	976	690	654	328	49	322.11
232.84	7470.7	655	5451.88	125	807	655	332	447	790.03
2030.63	9699.41	656	9046.03	287	103	656	80	781	709.56
2490.0	3445.75	657	6245.75	898	498	657	473	872	532.89
7349.1	659.73	658	566.74	128	336	658	963	403	349.22
3445.95	9220.64	659	8092.11	453	220	659	323	574	14.69
1860.8	2851.07	660	3059.92	766	880	660	721	63	787.04
4533.77	2777.01	661	6991.46	968	541	661	857	306	194.83
4821.46	3198.17	662	2552.9	642	483	662	786	366	356.57
3309.24	1979.08	663	3431.52	501	355	663	879	491	541.58
7561.83	2206.45	664	2597.0	190	741	664	599	849	172.06
2942.62	2962.24	665	9085.08	344	268	665	19	811	25.64
3700.93	819.39	666	3475.78	215	196	666	828	674	608.76
3633.11	7096.75	667	4331.21	429	687	667	866	929	636.52
9330.38	3526.58	668	2813.18	702	21	668	813	952	862.4
7200.83	3798.77	669	5014.16	576	625	669	288	342	572.7
9633.82	3124.53	670	5619.13	617	735	670	46	9	299.57
1525.4	5031.24	671	8824.84	55	322	671	264	613	491.44
7508.38	5631.94	672	8613.71	155	766	672	81	368	554.13
3178.52	2988.67	673	8485.49	619	638	673	831	68	576.78
2054.89	220.0	674	9468.93	640	153	674	657	981	326.02
9860.76	3456.61	675	9842.56	630	537	675	151	713	559.98
4007.09	4362.71	676	5261.49	780	815	676	186	154	914.38
8884.41	8818.78	677	495.8	101	302	677	421	907	181.0
4859.86	6523.42	678	2136.22	386	100	678	362	504	915.8
2553.57	4476.7	679	7493.96	802	10	679	487	437	899.92
5308.11	709.28	680	3568.8	133	658	680	732	666	534.69
6732.42	9676.62	681	9931.05	743	69	681	34	427	483.55
8437.96	6463.0	682	9612.49	942	638	682	240	167	108.87
4666.36	8826.97	683	9477.61	775	388	683	451	765	121.85
9509.82	7691.03	684	9777.67	544	962	684	907	987	166.23
1162.16	9606.55	685	6411.46	947	330	685	171	904	722.42
5332.17	8781.82	686	9447.91	924	436	686	136	835	347.4
8727.47	7362.56	687	5881.01	950	762	687	685	898	179.11
4682.41	9835.57	688	5346.09	640	559	688	63	401	673.73
2389.77	4997.46	689	329.57	218	257	689	446	720	469.75
9646.32	8123.39	690	8288.06	320	183	690	727	15	495.16
6982.79	9255.07	691	9712.35	646	707	691	737	646	677.11
9982.16	2475.29	692	29.39	736	158	692	357	110	205.93
5313.42	2292.17	693	1252.26	888	170	693	24	395	261.49
5310.13	9340.25	694	201.23	161	940	694	766	494	827.82
6590.82	3919.74	695	2980.71	884	829	695	702	302	879.66
4994.53	6881.96	696	8714.5	109	368	696	998	164	245.95
1716.21	3506.79	697	4051.49	264	402	697	915	760	153.33
6601.94	6442.96	698	9599.64	610	632	698	311	640	637.78
1992.25	1895.85	699	2640.94	522	961	699	523	136	442.15
7142.61	4379.82	700	7931.36	30	74	700	275	531	858.18
2043.74	4820.03	701	347.98	976	779	701	421	816	658.24
8902.5	6053.78	702	2793.68	171	505	702	833	726	608.51
1101.94	5197.25	703	1977.34	225	980	703	851	789	177.32
4059.65	9009.37	704	1804.17	501	489	704	369	613	367.46
6381.12	9706.99	705	9990.78	182	223	705	928	699	453.0
2070.1	8097.59	706	8051.07	888	695	706	12	415	490.78
7312.89	9248.32	707	7245.35	780	445	707	995	826	671.13
8470.39	3052.31	708	7208.15	220	928	708	868	753	328.14
1106.52	1513.59	709	4406.11	319	73	709	140	727	765.18
3294.18	6387.43	710	516.83	172	700	710	239	109	234.53
8251.8	138.38	711	6670.0	880	722	711	157	265	216.85
2188.21	8425.77	712	9998.24	739	42	712	784	686	717.06
2609.58	4724.08	713	7644.34	570	598	713	522	391	856.11
5397.32	7347.64	714	971.39	264	751	714	536	777	198.49
4631.1	8139.62	715	8612.76	602	885	715	329	949	106.3
5065.52	6203.11	716	8712.56	929	12	716	190	147	780.79
7582.91	2250.02	717	5027.95	894	992	717	691	430	489.01
2767.97	5334.35	718	4399.07	915	651	718	272	214	203.52
880.94	8194.41	719	7761.3	198	119	719	768	244	302.53
4404.47	7287.3	720	4564.49	455	746	720	537	2	692.59
2060.3	9633.42	721	2767.31	907	659	721	593	559	945.02
4732.49	3964.77	722	1778.78	426	720	722	714	347	801.37
7378.06	7967.06	723	4807.64	162	244	723	499	270	620.43
7743.42	3056.03	724	8381.36	537	309	724	91	142	405.23
1951.44	7701.47	725	8985.83	813	700	725	732	566	831.39
7099.9	3550.95	726	8353.98	917	266	726	160	821	337.4
74.3	894.88	727	38.9	308	262	727	897	275	877.95
8715.65	299.23	728	3125.65	748	346	728	12	905	625.68
9580.38	3803.22	729	7293.33	906	822	729	205	208	668.03
1725.78	8183.42	730	2387.78	39	550	730	174	607	496.1
1741.97	5575.69	731	6091.91	116	813	731	581	956	926.63
570.9	7195.55	732	2253.66	353	805	732	497	674	122.83
8885.16	7377.23	733	8970.45	810	222	733	850	336	603.01
7676.54	8611.85	734	5444.23	731	330	734	76	386	996.21
608.11	4387.67	735	2871.67	866	570	735	48	296	307.87
4728.41	9730.78	736	2109.36	221	940	736	680	694	186.59
8213.35	2545.41	737	7573.89	559	834	737	46	847	631.62
1821.12	2929.0	738	1717.68	54	570	738	674	485	849.74
7850.53	3254.88	739	1712.76	315	674	739	73	917	394.82
4754.75	4946.97	740	2641.8	215	334	740	551	821	475.89
532.61	4172.57	741	1161.2	321	766	741	330	558	552.01
7839.42	1314.13	742	8360.0	58	186	742	278	111	763.3
7600.19	2027.69	743	1110.85	896	539	743	617	819	575.94
6261.68	1592.5	744	4372.02	360	80	744	486	148	266.74
6104.06	6901.94	745	4708.78	440	821	745	876	23	99.88
6659.88	8126.12	746	8897.22	66	763	746	213	425	638.37
6411.52	220.65	747	4512.11	931	355	747	240	263	853.51
1901.16	9540.07	748	281.45	309	435	748	712	974	434.38
8014.07	4158.22	749	8367.83	561	821	749	46	568	570.49
891.53	562.01	750	3569.48	362	340	750	508	247	227.23
9159.36	2097.12	751	7591.99	454	110	751	151	157	509.8
8652.84	7468.88	752	8217.15	542	643	752	318	973	316.3
8473.79	8890.72	753	4884.27	608	383	753	889	465	818.26
3561.89	6945.55	754	6650.79	308	595	754	2	481	28.39
9102.31	8065.1	755	9981.0	719	359	755	936	803	250.01
7164.9	2945.46	756	4613.3	931	692	756	212	379	269.49
7838.56	3982.28	757	8412.82	299	851	757	988	929	42.67
3432.98	1880.41	758	2288.84	412	85	758	893	143	691.17
2445.97	2720.65	759	2471.23	399	972	759	725	474	540.64
3154.25	4953.87	760	665.49	396	83	760	847	464	292.14
5710.82	1568.82	761	8871.12	502	650	761	762	335	869.31
9816.05	5278.68	762	2372.76	22	920	762	278	244	644.7
6737.89	7854.9	763	6925.05	595	96	763	303	953	526.6
7326.21	6454.3	764	3171.94	284	19	764	241	435	540.41
6758.29	9423.63	765	7048.82	82	276	765	439	914	576.47
6819.56	6011.07	766	8305.86	879	18	766	673	158	339.61
999.37	1749.39	767	5567.08	539	276	767	259	499	422.22
529.42	7121.73	768	7343.92	92	900	768	415	134	267.37
5285.76	1574.7	769	6285.11	228	854	769	699	849	694.07
3892.82	7010.58	770	7284.84	803	608	770	588	504	390.6
113.01	2204.24	771	8951.98	278	88	771	886	544	660.0
7182.89	3258.24	772	3467.97	318	688	772	654	858	518.39
2183.99	6492.56	773	4554.57	812	182	773	594	908	395.97
7825.99	4918.52	774	9198.93	793	803	774	391	834	770.73
972.42	3845.94	775	9078.56	879	74	775	105	539	534.75
3296.3	5781.71	776	402.97	920	957	776	228	399	289.74
4215.95	8443.2	777	7056.0	911	551	777	562	342	358.94
5594.22	1566.96	778	5471.88	910	739	778	195	125	868.34
4045.31	2849.24	779	4021.6	451	430	779	227	7	448.36
927.26	9365.54	780	9459.36	636	767	780	62	241	583.07
1260.25	7328.05	781	2227.47	782	326	781	970	126	90.79
325.11	6126.61	782	449.08	186	41	782	682	222	444.24
5500.6	9082.86	783	2670.86	65	854	783	225	450	551.11
4364.97	9402.3	784	1905.64	216	7	784	535	360	699.41
108.04	5036.69	785	7741.78	254	907	785	403	621	779.19
2566.57	2452.28	786	2364.61	736	555	786	824	969	260.84
5866.78	9595.27	787	8757.06	879	987	787	699	341	98.54
4979.05	5148.66	788	7998.14	730	667	788	933	836	204.65
2454.87	9521.45	789	6586.33	743	783	789	487	895	974.32
3849.72	8825.79	790	9326.01	783	116	790	976	528	762.79
9581.61	2674.45	791	3135.69	510	330	791	413	54	739.46
7119.67	6060.35	792	7922.59	134	591	792	372	520	347.41
7769.34	1913.38	793	6109.55	842	440	793	516	448	439.04
3429.52	8259.16	794	6517.62	246	397	794	693	437	115.37
9449.01	5312.87	795	6159.63	199	800	795	370	709	237.13
9309.01	1614.42	796	8165.88	980	495	796	847	528	771.75
469.81	4861.09	797	9515.93	475	410	797	122	371	391.42
7698.53	5170.73	798	232.53	775	311	798	197	279	490.83
6190.86	5089.95	799	3544.04	628	223	799	393	158	46.45
1732.99	1809.46	800	6719.48	731	690	800	214	523	671.61
4451.83	2781.31	801	7842.88	549	613	801	303	964	101.79
2650.34	1528.41	802	5293.33	522	599	802	766	198	653.94
7050.16	7142.37	803	5675.98	763	510	803	85	991	918.65
4178.71	1795.45	804	5069.94	714	297	804	490	373	583.88
6079.27	3510.6	805	2846.7	582	71	805	901	87	604.49
761.49	994.82	806	6195.69	418	279	806	195	182	851.48
7244.58	1726.34	807	7994.55	314	44	807	780	439	828.18
673.43	9463.48	808	8158.08	977	64	808	155	78	74.16
9762.47	8482.13	809	6246.06	714	626	809	433	639	817.38
6856.96	9660.69	810	6870.35	328	221	810	71	999	811.01
7603.84	6716.4	811	674.66	227	36	811	96	897	837.29
7233.57	7649.29	812	1294.67	740	202	812	319	613	48.52
9191.63	7831.05	813	8657.31	446	815	813	90	974	773.4
1714.46	79.65	814	1397.0	847	884	814	412	65	306.1
9088.38	2183.51	815	8181.7	219	490	815	452	38	931.68
1927.15	1117.59	816	2803.72	377	205	816	124	297	280.44
8262.35	9945.73	817	3802.34	695	908	817	265	811	61.83
9944.47	6301.47	818	9989.39	268	140	818	860	585	589.24
6537.55	5580.03	819	2151.94	836	777	819	279	121	343.13
9385.54	6283.91	820	6932.74	881	525	820	168	106	671.7
917.36	2181.46	821	2126.18	622	951	821	268	534	153.33
9177.54	80.37	822	775.29	554	811	822	789	989	95.22
613.43	800.69	823	5348.45	156	966	823	393	880	689.71
5214.33	1539.31	824	1807.75	497	503	824	197	886	297.18
7283.26	7289.7	825	6795.59	993	296	825	626	349	269.0
3301.22	3308.51	826	6095.39	66	727	826	693	308	495.53
2196.87	1546.79	827	5658.01	672	208	827	40	287	888.57
912.43	5849.72	828	4107.65	104	488	828	35	668	244.19
8202.07	8915.16	829	5115.1	581	412	829	699	183	756.97
9587.2	7794.34	830	6425.45	221	703	830	87	797	851.71
9866.8	6444.42	831	845.43	83	903	831	840	494	489.04
6294.81	5732.31	832	6747.2	70	839	832	188	723	921.47
4348.9	8507.28	833	8836.69	531	800	833	734	167	472.46
3013.89	1383.55	834	8189.14	313	288	834	842	799	122.79
6087.38	3976.67	835	1415.71	723	537	835	579	759	122.1
2066.14	1669.61	836	6884.1	729	392	836	613	174	499.3
3725.01	5786.14	837	3255.61	524	369	837	156	851	836.9
4552.41	5666.89	838	3728.89	558	18	838	990	363	879.61
4888.54	5029.0	839	3181.53	140	538	839	599	57	541.31
2733.06	8662.59	840	3294.86	419	575	840	771	859	573.5
1596.56	8582.48	841	2669.83	674	561	841	919	147	556.1
343.42	4373.7	842	5022.58	619	725	842	429	303	316.71
185.86	4695.42	843	8982.96	958	251	843	615	636	29.66
9745.3	1427.06	844	9121.68	740	672	844	542	646	191.32
1892.61	6511.32	845	3598.8	35	933	845	519	239	128.59
9120.45	5755.71	846	8675.03	424	774	846	81	594	619.4
5808.85	9911.68	847	7578.04	626	321	847	858	348	71.01
4093.84	5372.05	848	5267.04	679	280	848	84	369	541.19
415.96	7424.3	849	7382.26	349	563	849	469	785	360.14
4163.76	8927.14	850	4279.83	905	554	850	432	231	3.78
7843.72	3852.09	851	7289.38	346	343	851	979	883	461.2
3660.88	2774.29	852	8327.83	996	147	852	80	481	991.88
3451.55	991.89	853	6689.84	585	309	853	624	570	456.05
3081.73	8921.33	854	7589.52	706	533	854	506	536	718.0
1325.63	3709.13	855	1553.64	427	36	855	530	845	854.49
6554.49	1506.45	856	1448.94	128	907	856	151	609	977.35
3715.91	2993.74	857	4813.49	399	825	857	985	226	47.5
8512.1	8410.05	858	3001.96	817	311	858	399	833	276.82
6503.09	1969.46	859	4471.93	546	609	859	408	198	925.68
3497.86	9832.44	860	8139.69	458	334	860	872	409	186.34
4068.63	1885.3	861	8149.79	927	525	861	897	660	152.68
8544.61	5676.79	862	519.01	338	333	862	986	888	350.32
6562.17	7944.01	863	5180.66	109	472	863	651	420	584.93
4303.74	7148.12	864	6669.31	858	234	864	695	831	898.43
2119.71	388.59	865	4739.1	468	426	865	357	268	115.63
2575.94	4759.38	866	2524.29	572	870	866	712	233	997.37
1890.27	9740.57	867	4267.05	282	841	867	779	305	91.06
2520.45	6304.63	868	5769.35	68	441	868	672	926	447.16
1919.74	1418.25	869	6268.77	950	445	869	253	526	417.42
6678.6	3390.16	870	8801.35	467	795	870	907	274	911.62
4777.61	3530.02	871	171.25	610	621	871	968	634	181.43
7195.39	6961.26	872	8484.13	358	815	872	8	918	554.31
5934.59	5803.69	873	7134.06	738	582	873	126	191	178.62
7777.85	4027.19	874	1836.91	185	491	874	226	813	489.28
4593.7	9871.62	875	1894.54	12	421	875	908	140	450.37
9028.59	3064.94	876	3864.36	701	479	876	653	3	52.25
9170.21	2429.64	877	875.69	171	505	877	626	902	107.21
5340.56	2892.98	878	9912.6	775	974	878	645	283	322.64
4294.19	6454.91	879	1161.81	683	410	879	129	634	192.86
2856.5	9201.92	880	6157.38	969	500	880	743	510	732.63
3010.12	3447.28	881	7518.09	698	632	881	568	238	861.58
2579.63	1429.23	882	1087.52	396	460	882	578	536	591.17
3864.26	9277.39	883	1694.99	710	902	883	127	508	326.97
2595.63	6428.73	884	5635.57	208	969	884	902	484	462.59
3065.25	460.78	885	1175.31	988	413	885	977	382	395.98
6006.51	4234.23	886	7281.22	487	61	886	618	120	257.57
5045.42	2229.92	887	4459.18	907	528	887	68	276	445.03
9700.58	5607.38	888	7532.59	587	336	888	498	693	9.31
689.71	463.85	889	4432.64	241	526	889	37	164	373.83
6337.77	7170.69	890	3586.8	795	771	890	822	140	93.7
2538.17	3251.35	891	4894.98	52	371	891	36	701	235.79
3770.65	8200.85	892	2829.68	146	957	892	910	732	995.21
2966.84	158.38	893	3180.34	264	35	893	173	182	47.65
5987.16	9154.96	894	5676.43	627	261	894	358	313	386.43
1462.08	676.8	895	5345.77	827	661	895	695	193	627.15
3588.17	8671.91	896	6982.38	708	365	896	553	425	316.95
9283.54	37.96	897	9194.8	138	919	897	611	120	961.52
852.29	3333.15	898	6089.3	983	831	898	485	490	54.34
4530.55	449.13	899	5252.87	243	956	899	595	998	753.99
3645.09	8331.34	900	3674.8	845	286	900	412	682	959.98
8539.34	5690.18	901	5857.98	220	610	901	270	683	209.38
4523.71	6673.8	902	2816.95	613	693	902	709	689	830.22
2908.53	7604.94	903	3401.45	358	507	903	369	933	30.29
5100.55	8776.5	904	551.71	767	52	904	179	25	447.71
745.81	7451.18	905	5350.7	477	984	905	584	996	208.2
7633.53	8794.82	906	5434.73	454	413	906	922	573	186.24
6129.59	8273.86	907	5354.71	827	372	907	652	139	548.84
4269.19	3214.44	908	5732.29	79	943	908	838	164	259.14
1395.63	6330.0	909	2714.0	411	914	909	140	348	346.31
6949.54	3462.95	910	1360.2	777	440	910	457	571	698.84
2721.12	2217.39	911	6243.19	382	307	911	532	204	191.86
7315.9	7495.03	912	8995.82	524	302	912	803	849	122.43
1069.0	3918.47	913	60.18	299	418	913	106	457	457.33
6954.42	6796.79	914	2138.32	930	391	914	827	710	476.53
1701.76	2643.42	915	9540.48	823	369	915	807	752	631.06
7222.38	4336.04	916	6370.2	337	46	916	56	948	783.02
5617.27	4805.88	917	537.24	473	25	917	207	972	364.63
4991.35	5940.14	918	9388.8	601	73	918	749	144	873.66
6401.43	392.25	919	69.95	692	391	919	56	464	647.26
9033.01	6204.03	920	7332.42	851	606	920	656	983	94.74
6382.51	3160.34	921	781.99	611	140	921	350	595	418.1
6094.92	3237.72	922	934.52	681	706	922	298	665	92.67
2350.87	1763.87	923	7268.53	849	326	923	579	258	626.51
8177.1	9664.54	924	2238.94	682	942	924	861	18	77.43
9004.11	341.96	925	7664.97	212	294	925	73	613	932.31
1691.45	9035.03	926	9140.72	515	317	926	64	287	737.07
7883.76	1213.88	927	1604.07	345	943	927	823	97	920.16
8858.12	5500.53	928	7399.88	701	345	928	31	27	781.37
3957.05	8862.61	929	8225.29	580	733	929	604	634	536.82
8010.07	8631.16	930	3782.28	134	371	930	599	974	194.22
774.49	4889.96	931	8782.4	512	928	931	856	37	905.3
1462.17	5656.69	932	2800.43	976	498	932	373	325	965.77
7906.16	4493.94	933	9452.43	38	716	933	575	777	308.95
4734.79	5321.77	934	3669.03	345	887	934	739	528	738.23
8995.56	6446.22	935	6731.6	696	564	935	729	833	392.49
9237.04	8081.35	936	2219.54	647	77	936	416	509	22.85
310.33	5815.3	937	1286.01	55	906	937	143	842	906.07
8675.11	2497.46	938	2823.42	806	75	938	93	165	49.92
144.72	6550.17	939	957.99	433	664	939	403	987	474.24
2380.27	8074.85	940	8071.24	851	245	940	334	35	437.27
8222.52	4885.59	941	8048.98	496	674	941	132	487	543.18
2753.79	2191.7	942	9781.32	539	378	942	315	484	659.61
237.63	111.1	943	2426.51	229	187	943	298	671	450.78
5027.38	2529.57	944	835.47	345	835	944	171	540	738.73
7214.07	3595.51	945	318.05	692	860	945	964	128	843.85
4676.32	2982.7	946	3097.97	414	2	946	294	865	25.26
127.63	3182.22	947	8860.93	17	489	947	351	821	314.65
5802.03	3042.97	948	2230.6	81	98	948	514	482	346.78
6957.82	4913.69	949	8548.99	681	787	949	206	887	548.48
1084.66	8124.73	950	8924.85	197	408	950	737	537	866.65
8412.45	3546.35	951	4593.11	816	113	951	766	722	345.84
6347.56	4056.71	952	7788.85	89	181	952	75	906	408.43
1008.25	481.75	953	2349.44	398	619	953	347	120	856.75
7638.5	2556.94	954	1647.3	944	888	954	603	967	823.07
542.22	2965.04	955	1396.06	267	408	955	676	192	449.94
2851.1	539.85	956	7871.27	579	671	956	172	59	533.97
5289.76	9067.01	957	5832.0	953	514	957	27	378	639.48
9048.78	8645.87	958	7547.37	720	679	958	595	123	803.83
6568.04	527.3	959	8034.44	226	581	959	58	314	967.65
4235.97	87.25	960	9597.3	89	598	960	512	643	920.84
346.12	2592.96	961	1011.89	868	632	961	289	729	871.52
8819.53	123.13	962	9147.81	138	358	962	217	706	444.36
2995.7	3319.7	963	1116.61	518	965	963	939	771	248.92
4810.03	573.25	964	6512.49	320	178	964	176	649	483.64
2943.07	815.7	965	1283.22	937	210	965	353	793	188.92
4271.47	4747.61	966	6269.0	648	232	966	473	97	981.22
4167.99	3747.55	967	6305.68	259	892	967	306	384	90.0
4587.19	593.58	968	392.28	473	481	968	708	900	9.73
2727.86	1913.8	969	6392.86	870	791	969	286	242	847.08
5395.9	5446.8	970	3255.66	211	848	970	424	573	952.19
9128.77	3744.51	971	1492.18	435	416	971	829	385	598.56
1125.71	3294.66	972	4606.01	618	345	972	579	330	285.24
8152.82	9304.42	973	9048.19	556	989	973	647	366	201.51
3008.77	4093.15	974	5335.1	198	757	974	138	132	141.57
1769.78	3781.62	975	7142.26	972	502	975	105	686	153.76
3463.12	8561.93	976	5726.48	501	552	976	762	853	946.8
5732.04	54.67	977	9453.72	273	888	977	596	637	379.02
2673.14	1927.78	978	2902.15	922	347	978	416	393	809.3
4154.42	6955.19	979	1572.39	823	665	979	114	924	499.26
9923.31	3865.07	980	9145.6	713	136	980	22	80	903.86
1553.79	7455.03	981	5487.5	328	240	981	187	998	390.79
9267.34	476.25	982	5711.51	667	165	982	283	299	562.44
8149.8	582.1	983	7679.98	76	925	983	780	757	407.53
5840.34	5119.34	984	3134.41	122	26	984	901	592	461.08
3899.67	8066.35	985	1746.18	614	41	985	623	603	180.94
1830.36	2406.17	986	8279.53	532	270	986	889	664	680.56
5785.1	3667.09	987	8159.49	663	936	987	114	605	323.53
7237.56	1065.98	988	3103.53	367	592	988	889	51	867.66
6860.84	3668.55	989	4534.93	799	540	989	11	53	952.2
5717.21	2779.77	990	6844.15	236	753	990	660	332	812.15
2954.71	6672.98	991	6347.2	48	266	991	22	663	387.04
2624.22	5142.4	992	6642.05	747	330	992	998	714	697.95
899.3	6813.36	993	3345.58	144	190	993	879	350	727.15
4752.4	212.7	994	2700.3	181	152	994	890	953	537.08
2456.77	2398.0	995	7905.77	48	590	995	756	323	86.1
7085.8	7565.38	996	4065.01	844	783	996	154	754	962.9
694.19	3240.98	997	9919.88	828	464	997	442	317	255.59
1050.17	6563.03	998	3106.02	589	107	998	510	579	299.26
4005.29	4616.87	999	6995.62	51	421	999	13	506	744.41
7536.19	6692.2	1000	9748.74	156	66	1000	194	550	104.71
3449.82	5011.82	1001	7484.49	43	281	1001	181	845	507.8
6000.01	7771.07	1002	4958.19	633	472	1002	190	319	156.04
8427.51	1825.18	1003	2759.0	308	3	1003	585	443	774.52
4453.41	3446.3	1004	9709.98	469	33	1004	698	763	800.33
5267.03	4953.32	1005	24.15	323	165	1005	505	505	741.3
3773.42	1157.29	1006	9033.09	158	38	1006	588	941	180.03
8389.43	2381.51	1007	6582.78	207	117	1007	128	199	661.18
6392.32	847.81	1008	3178.54	49	751	1008	699	316	256.38
2969.25	7375.05	1009	2817.29	878	549	1009	784	659	898.67
2631.83	9626.64	1010	8310.66	336	617	1010	218	129	672.1
5480.65	8092.34	1011	2742.05	110	900	1011	877	879	736.53
2930.28	4979.73	1012	5836.09	924	717	1012	257	475	638.11
5735.98	2788.81	1013	5001.81	474	768	1013	368	760	413.0
8105.81	3164.9	1014	2009.03	93	180	1014	56	517	430.07
6033.99	5342.64	1015	9155.62	918	133	1015	382	730	237.95
7773.65	1232.45	1016	9992.29	540	639	1016	759	362	373.61
8799.2	4484.74	1017	3368.07	100	744	1017	799	64	377.2
7374.69	5360.51	1018	4554.77	12	756	1018	89	313	719.07
972.49	8532.81	1019	9635.06	886	415	1019	835	982	667.86
3879.27	3692.49	1020	901.75	779	153	1020	898	96	626.18
4082.63	4790.85	1021	8610.13	178	894	1021	557	537	798.58
5229.47	7252.18	1022	4636.08	522	301	1022	378	513	520.26
1629.69	8438.23	1023	4352.61	332	541	1023	869	810	258.79
6584.43	9488.6	1024	3515.3	783	621	1024	77	988	172.53
8583.82	8607.88	1025	4967.53	473	618	1025	163	98	653.94
3030.8	4799.34	1026	5123.41	357	371	1026	154	832	492.29
5695.34	6167.75	1027	7980.47	524	929	1027	13	186	684.45
7091.99	8899.68	1028	3312.54	379	644	1028	974	877	748.72
6405.49	6480.5	1029	1580.29	390	231	1029	852	463	447.71
4006.5	9931.01	1030	1544.67	196	517	1030	108	25	839.56
6667.6	7979.16	1031	1974.78	93	305	1031	992	380	469.15
7510.08	9932.34	1032	8607.87	565	671	1032	343	169	598.23
8146.21	2606.41	1033	9075.96	153	757	1033	86	938	459.16
594.89	1287.6	1034	4139.99	251	617	1034	705	278	676.72
2575.33	2977.16	1035	1447.56	920	550	1035	448	601	517.74
4873.61	3399.15	1036	1715.81	97	439	1036	793	420	17.97
8210.44	9371.51	1037	8314.42	890	764	1037	901	355	316.0
7197.96	6268.39	1038	4469.94	700	131	1038	49	361	744.98
325.88	2117.66	1039	606.89	569	367	1039	143	86	592.84
1045.52	4442.94	1040	8029.21	535	268	1040	686	789	253.18
2260.12	6394.79	1041	4161.33	563	854	1041	606	185	866.57
4964.49	1210.53	1042	9092.89	128	790	1042	844	986	338.19
1478.03	7980.51	1043	3266.66	21	149	1043	355	163	27.67
3583.02	5080.31	1044	3608.61	759	526	1044	493	71	93.21
5829.28	2313.2	1045	5810.73	802	699	1045	782	106	500.1
8415.29	4275.14	1046	9622.16	170	298	1046	591	833	723.79
8779.98	9891.61	1047	345.0	576	532	1047	263	737	376.91
382.58	5260.28	1048	1608.32	599	379	1048	807	476	18.94
949.47	8202.25	1049	4899.81	562	886	1049	104	499	826.43
8310.65	3730.85	1050	7614.75	862	544	1050	59	982	228.76
6713.12	2302.16	1051	4690.25	879	85	1051	144	160	885.67
9478.69	9217.24	1052	4741.0	656	84	1052	475	93	429.05
2158.49	3623.39	1053	6156.67	852	497	1053	964	405	396.5
2715.1	9243.4	1054	6373.13	686	683	1054	434	2	611.74
6838.61	4326.27	1055	3430.26	19	620	1055	336	614	128.77
9890.7	7440.78	1056	1761.82	77	36	1056	402	966	538.13
5337.06	9007.82	1057	5371.22	845	959	1057	286	806	650.72
5991.41	8056.52	1058	2787.83	901	951	1058	339	517	274.07
5786.79	5845.66	1059	6713.92	287	80	1059	571	996	424.06
5762.15	1559.98	1060	2506.54	785	660	1060	65	172	292.25
5781.11	9538.82	1061	2903.13	346	436	1061	397	432	887.95
1583.94	9265.18	1062	7009.14	999	445	1062	317	739	291.28
2195.86	4951.6	1063	2831.89	265	831	1063	413	996	177.98
7714.83	5647.33	1064	3191.45	122	981	1064	261	939	960.21
9313.66	1550.66	1065	7660.84	633	215	1065	85	402	238.96
4789.28	8420.85	1066	2572.47	946	261	1066	255	199	555.82
937.77	5119.22	1067	1549.89	107	75	1067	20	586	940.09
3816.25	7399.37	1068	2390.43	616	710	1068	699	281	210.16
5767.04	816.08	1069	5517.31	694	903	1069	908	523	140.49
4141.34	7852.04	1070	5147.52	401	465	1070	314	50	127.22
3367.3	1556.93	1071	9978.79	39	411	1071	195	667	774.43
9275.03	555.83	1072	2960.62	325	358	1072	536	756	157.12
1875.98	5725.0	1073	71.41	872	988	1073	245	99	730.19
8313.31	4438.14	1074	307.98	729	375	1074	15	809	415.41
6717.6	6691.27	1075	2751.25	689	979	1075	657	511	827.18
2021.56	6205.72	1076	8414.44	526	808	1076	389	824	269.4
8577.95	1454.2	1077	6774.02	575	179	1077	855	593	364.02
6146.97	7623.21	1078	2630.05	700	753	1078	803	625	143.17
7201.59	224.79	1079	5753.37	327	559	1079	514	302	561.49
369.88	2615.77	1080	8916.05	892	240	1080	169	659	881.1
2505.32	4001.44	1081	1759.04	7	600	1081	813	777	305.58
904.86	2865.23	1082	3692.27	580	31	1082	333	135	135.48
2730.73	7170.24	1083	8471.88	544	290	1083	704	14	779.04
6395.0	3347.97	1084	9762.53	54	123	1084	362	251	845.69
5933.46	3710.52	1085	6870.03	649	738	1085	685	648	595.27
6493.19	8394.54	1086	8629.39	347	726	1086	478	971	213.51
9550.28	381.0	1087	1302.85	779	803	1087	620	482	696.29
6383.23	1400.95	1088	7631.13	66	65	1088	934	287	722.69
7797.23	4194.85	1089	1678.48	900	182	1089	1	157	860.82
9099.62	3490.34	1090	9925.38	572	476	1090	194	4	434.6
2267.93	1546.64	1091	3116.64	889	286	1091	116	513	407.49
4894.57	7018.15	1092	1856.72	914	744	1092	184	706	623.28
1928.74	5194.85	1093	5635.65	456	348	1093	140	146	214.38
780.27	8804.27	1094	790.89	778	41	1094	311	389	689.44
8482.44	8304.62	1095	5095.1	402	200	1095	47	238	382.91
4493.1	7165.34	1096	6965.09	393	319	1096	153	827	516.22
8543.76	3842.28	1097	1474.68	347	915	1097	160	147	376.6
3851.44	7733.79	1098	3127.83	633	265	1098	471	502	494.69
8646.51	8400.89	1099	3289.38	340	561	1099	712	604	290.02
5649.68	9563.41	1100	1707.5	41	649	1100	824	646	553.18
2681.2	2225.13	1101	1444.79	288	473	1101	240	321	569.2
1539.66	9907.76	1102	5544.56	500	277	1102	449	182	892.63
869.8	3763.88	1103	2890.0	347	775	1103	278	84	904.61
564.13	9238.74	1104	692.47	806	563	1104	162	195	293.88
9390.45	2108.82	1105	6184.97	728	875	1105	315	683	754.06
1248.77	6635.09	1106	8525.87	703	582	1106	670	127	511.48
2054.74	8659.69	1107	9862.6	573	581	1107	320	414	990.97
5698.3	2255.96	1108	9436.31	251	732	1108	37	473	980.07
6489.22	6266.15	1109	8722.23	362	962	1109	784	548	780.02
8470.82	1403.93	1110	1120.93	361	163	1110	39	3	154.47
431.4	2360.32	1111	8445.54	594	448	1111	686	499	195.69
6392.31	5063.13	1112	9465.67	339	678	1112	240	612	585.98
7719.1	1366.19	1113	3297.57	380	89	1113	598	990	523.85
363.97	1097.31	1114	4188.62	129	836	1114	38	868	783.21
8850.44	6881.21	1115	2186.74	141	810	1115	46	766	722.76
6278.91	549.9	1116	989.13	297	19	1116	835	679	284.97
231.46	1100.58	1117	4522.33	945	491	1117	53	572	117.65
6407.12	2285.34	1118	1029.13	892	396	1118	384	463	396.35
1123.18	3664.26	1119	544.8	124	871	1119	463	575	320.02
4151.26	7769.33	1120	7178.33	775	634	1120	527	789	473.24
3485.12	5702.68	1121	1807.48	666	728	1121	265	681	507.42
5998.33	900.55	1122	5420.12	617	973	1122	17	346	102.67
5554.47	5096.94	1123	5292.77	439	925	1123	764	326	764.1
751.86	1127.35	1124	5467.84	2	240	1124	760	554	134.37
7598.61	3130.11	1125	2930.57	25	558	1125	273	956	469.19
9483.73	5389.23	1126	3310.26	493	862	1126	851	373	364.61
5359.83	9588.93	1127	1676.77	583	826	1127	521	10	516.19
229.93	3178.9	1128	7058.62	152	609	1128	385	183	872.96
2671.42	7097.45	1129	1666.66	135	794	1129	346	924	974.62
4600.13	9850.47	1130	7727.13	277	279	1130	594	523	671.52
8325.29	3919.49	1131	5804.85	31	197	1131	739	968	533.08
2361.56	6717.0	1132	8878.44	202	215	1132	472	945	548.72
1568.33	2558.59	1133	6349.5	914	417	1133	549	799	764.67
7142.77	1433.76	1134	9260.36	95	256	1134	217	20	510.97
9950.05	3631.95	1135	6966.38	742	598	1135	143	393	413.36
9439.53	1831.81	1136	249.45	222	941	1136	577	986	893.15
1756.08	7480.74	1137	3632.48	973	712	1137	571	452	816.53
7279.04	9448.22	1138	4836.34	350	499	1138	334	332	991.57
2590.76	2202.17	1139	9369.19	821	123	1139	381	261	964.01
8279.42	8997.78	1140	1500.4	81	415	1140	250	754	794.92
5210.02	1710.04	1141	7275.81	655	822	1141	760	433	953.1
3866.87	494.45	1142	5100.9	176	994	1142	172	22	90.58
2916.16	7097.56	1143	9876.43	663	33	1143	881	110	642.91
8727.73	1520.67	1144	8700.73	442	691	1144	755	68	575.85
8.76	9038.48	1145	4358.4	610	753	1145	905	272	320.12
2558.0	1987.88	1146	7919.56	773	932	1146	981	950	939.81
6460.47	3613.66	1147	6101.81	663	802	1147	191	119	272.97
9863.04	9482.54	1148	7754.87	811	226	1148	917	665	479.21
5601.16	3204.73	1149	820.09	32	303	1149	403	544	562.52
5565.89	6510.81	1150	6697.08	895	614	1150	730	105	138.83
8449.59	3752.56	1151	5921.7	716	876	1151	615	27	293.33
4778.34	9959.31	1152	4969.92	312	923	1152	152	937	833.64
5587.03	4799.89	1153	2958.27	973	220	1153	354	328	909.55
371.24	6203.46	1154	332.0	248	577	1154	904	712	254.0
7453.49	4022.48	1155	9011.42	849	724	1155	974	53	701.25
6240.93	686.36	1156	5044.95	495	766	1156	334	766	128.85
3527.89	4933.42	1157	6626.39	735	155	1157	5	264	722.54
886.34	2608.38	1158	1830.68	171	838	1158	967	410	477.07
4760.95	2036.41	1159	9415.14	819	769	1159	908	235	295.32
6524.43	6002.85	1160	6097.4	634	785	1160	457	385	286.1
6898.23	9667.65	1161	6430.84	479	767	1161	574	579	127.0
5277.64	6096.31	1162	4453.16	659	507	1162	819	624	91.4
4751.17	1220.47	1163	2653.23	81	811	1163	200	979	905.18
9254.87	3890.88	1164	1850.64	218	252	1164	555	802	930.05
2818.5	216.32	1165	9343.67	251	224	1165	267	923	659.64
7629.42	7606.21	1166	2392.61	609	538	1166	866	75	220.47
8242.06	1687.0	1167	1585.0	912	142	1167	990	557	63.0
1951.92	8301.05	1168	2966.13	61	150	1168	488	677	210.78
7230.84	6825.91	1169	9903.62	128	990	1169	32	614	778.82
2014.31	2353.23	1170	2173.43	962	809	1170	422	13	891.68
1155.8	6632.29	1171	5412.92	636	396	1171	867	884	420.33
3147.94	9164.29	1172	284.87	836	686	1172	83	342	956.08
7933.06	3534.3	1173	60.03	241	656	1173	875	577	146.56
9072.72	694.79	1174	5956.48	232	342	1174	901	440	779.94
456.27	6210.67	1175	8386.7	525	453	1175	481	306	989.96
7874.58	976.39	1176	9395.86	810	704	1176	780	701	234.69
6026.97	4808.46	1177	9431.38	707	493	1177	913	604	601.17
4746.6	5047.16	1178	5865.03	112	4	1178	418	924	878.56
9534.23	111.19	1179	1673.85	5	377	1179	417	768	786.42
6250.97	3520.47	1180	6622.02	564	918	1180	719	896	930.37
7094.4	7610.52	1181	568.51	647	62	1181	720	548	323.83
6255.11	7569.77	1182	5878.51	676	987	1182	449	957	488.54
4642.07	2475.05	1183	2245.53	695	83	1183	796	743	44.91
570.16	2944.67	1184	7196.57	60	273	1184	772	233	671.59
4675.77	4141.27	1185	6946.22	75	444	1185	942	671	621.44
6693.02	6831.18	1186	2357.37	52	706	1186	39	653	53.74
1533.65	2917.62	1187	2890.39	96	26	1187	966	777	820.06
4655.42	793.05	1188	35.18	168	327	1188	515	386	511.43
8221.55	7224.72	1189	4856.86	159	867	1189	110	87	669.1
7388.32	1300.11	1190	5513.47	759	274	1190	961	159	834.99
4987.67	3532.49	1191	8373.46	644	368	1191	100	110	696.97
5022.37	1935.83	1192	4058.77	577	327	1192	714	706	762.36
6314.55	1733.14	1193	4055.08	518	445	1193	843	595	303.73
7632.77	4108.8	1194	4024.84	279	286	1194	712	785	366.3
7810.46	4385.5	1195	705.3	603	72	1195	120	109	124.07
9172.78	4447.99	1196	3630.0	88	207	1196	505	580	759.33
9996.7	3071.86	1197	4756.06	245	994	1197	424	12	678.77
9623.66	1063.2	1198	8252.85	430	392	1198	339	460	653.59
8426.46	8309.24	1199	7231.91	91	839	1199	796	661	856.45
7749.32	1370.46	1200	3625.5	686	107	1200	72	435	7.51
9425.99	9368.13	1201	1501.61	902	185	1201	11	885	654.6
7131.7	3008.44	1202	983.49	408	341	1202	871	710	636.29
5809.3	2919.34	1203	4853.46	807	947	1203	392	896	215.99
5588.96	9773.06	1204	1563.63	863	364	1204	365	970	39.2
4028.08	9934.39	1205	572.45	40	885	1205	798	112	776.36
3674.17	4726.5	1206	7152.85	225	565	1206	814	52	395.17
1746.76	639.57	1207	534.26	133	742	1207	698	975	104.52
4182.0	4186.11	1208	5240.23	578	171	1208	450	318	40.57
2399.06	5346.83	1209	6999.58	121	164	1209	740	974	182.78
9597.29	3634.62	1210	7100.11	695	172	1210	296	966	639.0
1822.37	8442.81	1211	4486.65	521	708	1211	505	644	506.45
2347.4	8094.4	1212	2415.97	350	332	1212	189	104	796.66
8462.36	8291.98	1213	4193.13	769	666	1213	435	657	287.0
2975.65	5951.37	1214	1176.67	494	446	1214	495	538	85.41
9650.18	3101.89	1215	1847.4	248	407	1215	292	529	921.56
9025.33	7611.53	1216	6058.23	340	603	1216	161	828	656.18
9178.56	8831.68	1217	4969.59	712	818	1217	329	540	609.08
7712.23	9787.59	1218	499.48	725	86	1218	364	434	981.87
7620.24	7057.06	1219	5873.75	870	313	1219	71	632	846.95
7461.3	8658.37	1220	3607.36	703	712	1220	435	572	299.46
4169.32	5730.85	1221	2899.4	174	747	1221	580	839	963.79
1173.11	8594.79	1222	9305.82	143	257	1222	206	492	598.52
7012.14	5071.77	1223	7064.03	122	69	1223	797	279	61.82
9509.19	6454.02	1224	5991.5	173	801	1224	212	131	113.44
7848.12	9399.9	1225	1343.7	506	961	1225	953	391	259.81
7864.0	2346.03	1226	7063.85	175	246	1226	178	319	895.01
8613.85	6690.17	1227	5766.97	123	680	1227	610	404	582.0
9506.12	7262.57	1228	6721.54	564	481	1228	474	483	841.12
9195.02	452.46	1229	374.4	763	112	1229	581	961	70.03
5574.71	9298.21	1230	68.12	661	236	1230	748	912	865.7
6750.97	4794.98	1231	5555.25	264	667	1231	556	254	968.18
4242.15	516.34	1232	6122.44	905	849	1232	962	250	914.9
8267.09	4514.4	1233	2543.25	76	880	1233	887	189	650.99
3379.07	8912.89	1234	2055.37	122	437	1234	677	459	202.36
294.44	8613.0	1235	7677.81	875	328	1235	328	1000	655.63
1195.28	271.56	1236	5338.44	107	454	1236	401	101	634.71
7277.93	9543.59	1237	2273.37	523	518	1237	883	404	949.48
5425.67	1806.6	1238	3370.6	350	228	1238	545	440	811.71
6103.34	4872.03	1239	942.75	74	550	1239	710	683	109.91
7521.9	1678.92	1240	7104.0	442	260	1240	747	693	253.57
5460.95	6477.66	1241	9471.42	743	991	1241	73	279	46.71
1864.66	1404.32	1242	586.84	861	747	1242	449	811	544.06
3927.34	9332.35	1243	2629.31	627	923	1243	415	693	547.87
9315.32	1244.11	1244	7844.21	481	787	1244	678	713	572.35
9383.18	967.71	1245	1001.46	984	522	1245	674	831	83.29
4386.81	3522.51	1246	3034.17	933	957	1246	197	300	726.6
2101.33	4423.42	1247	6780.7	459	800	1247	807	277	791.02
308.38	7734.51	1248	5470.33	667	388	1248	788	393	322.35
5362.81	2842.41	1249	4032.09	224	807	1249	974	4	8.46
3025.33	6784.74	1250	4567.06	888	98	1250	386	284	80.72
307.37	9202.22	1251	4983.86	281	254	1251	861	128	722.2
5078.59	1967.09	1252	7578.64	811	680	1252	157	791	532.45
8531.44	3791.1	1253	8834.47	123	838	1253	680	716	608.67
2564.31	896.05	1254	9653.63	810	224	1254	520	809	967.1
5729.44	1331.82	1255	5595.93	219	519	1255	279	452	910.66
5484.55	5212.77	1256	6984.27	740	879	1256	796	590	1000.74
7027.44	3186.81	1257	8833.63	726	41	1257	586	617	432.12
2121.69	7566.48	1258	9234.4	301	596	1258	447	81	585.04
5667.38	4183.18	1259	4967.82	656	534	1259	689	629	768.9
1448.18	1665.16	1260	3533.62	123	573	1260	903	111	515.87
9105.46	2813.52	1261	7758.86	157	44	1261	82	513	457.75
5692.27	6952.11	1262	6959.82	312	21	1262	346	199	354.94
982.99	3553.46	1263	2212.33	795	441	1263	439	739	364.28
7103.17	3523.4	1264	7003.08	796	396	1264	218	928	706.31
5120.88	120.81	1265	6627.76	142	549	1265	379	322	569.0
5229.06	6067.76	1266	2653.22	822	421	1266	134	154	52.01
5480.69	5940.72	1267	5401.0	480	985	1267	85	102	471.72
4718.08	8404.92	1268	5354.04	668	392	1268	927	948	962.77
847.09	3135.76	1269	1938.48	314	868	1269	615	486	455.96
1515.78	5471.27	1270	7193.95	484	79	1270	501	150	40.26
3315.7	6694.18	1271	2268.6	650	54	1271	160	704	376.27
4621.37	3014.46	1272	6089.94	873	802	1272	195	318	850.55
2477.98	9711.66	1273	2793.89	768	270	1273	743	429	129.07
6143.46	4332.81	1274	8249.73	640	849	1274	521	279	206.23
46.57	6363.9	1275	2057.09	848	323	1275	29	848	783.34
5164.3	4266.79	1276	3039.07	251	225	1276	574	821	467.9
3875.74	2373.19	1277	1579.26	338	610	1277	987	93	508.62
6262.01	2043.82	1278	2837.83	563	472	1278	963	333	418.73
8954.02	3181.02	1279	3893.95	576	859	1279	247	734	569.38
3304.12	1795.18	1280	2207.49	269	279	1280	652	604	455.73
8448.89	7351.23	1281	7282.75	759	964	1281	316	420	331.28
8539.57	4792.71	1282	6319.05	694	305	1282	173	185	363.51
4699.61	2225.38	1283	9983.67	411	866	1283	608	961	608.71
9123.53	2099.22	1284	1351.75	104	417	1284	715	785	999.44
7055.76	179.91	1285	8259.26	472	928	1285	969	670	464.24
5451.27	5292.98	1286	5624.37	74	427	1286	650	578	201.8
9667.61	985.39	1287	9190.2	472	637	1287	797	111	165.58
8671.33	2771.08	1288	135.96	334	228	1288	660	590	864.91
1833.82	3126.75	1289	2239.47	765	176	1289	44	540	628.08
6720.12	6096.4	1290	8520.0	618	946	1290	158	442	741.06
9823.6	8772.49	1291	3512.3	888	289	1291	597	996	885.39
3255.24	8822.11	1292	9644.7	440	936	1292	129	641	356.62
2882.97	6641.27	1293	6945.0	644	418	1293	396	876	401.02
545.24	3220.26	1294	3753.19	633	486	1294	882	290	151.27
9481.23	6340.38	1295	6410.39	846	317	1295	384	102	435.39
7000.15	7175.19	1296	8977.73	910	476	1296	168	138	736.22
8998.14	2572.59	1297	7512.8	741	446	1297	702	810	664.22
2458.97	1444.36	1298	4152.02	852	865	1298	232	322	654.8
3833.93	5664.68	1299	9629.78	946	659	1299	883	681	274.71
3287.38	2686.13	1300	2926.25	146	445	1300	594	600	426.96
4282.61	808.75	1301	2785.45	89	259	1301	697	497	840.67
8261.69	3089.52	1302	554.66	662	653	1302	293	419	738.51
8504.39	699.98	1303	6197.08	411	814	1303	707	108	333.97
8082.9	2906.02	1304	7243.89	657	80	1304	302	75	133.45
4507.26	8082.68	1305	9169.53	858	522	1305	163	771	656.29
5413.93	573.26	1306	8118.13	978	354	1306	891	5	767.38
9730.43	3370.51	1307	9742.58	402	629	1307	976	903	396.77
5670.46	2432.35	1308	4754.1	703	571	1308	691	948	867.53
6721.94	1413.94	1309	8447.02	642	312	1309	939	184	465.93
9814.39	4903.61	1310	8864.72	405	919	1310	199	959	69.14
2244.0	2829.22	1311	2458.5	147	79	1311	795	156	682.56
1562.57	2570.26	1312	4383.81	5	740	1312	152	6	975.93
397.14	670.4	1313	2889.36	637	573	1313	992	563	54.02
2829.73	1355.87	1314	7679.84	807	354	1314	870	678	448.91
3503.89	9643.45	1315	377.76	262	983	1315	687	867	47.95
6591.83	2885.46	1316	2373.93	145	994	1316	194	879	597.02
6825.07	8052.05	1317	9014.72	680	533	1317	772	520	376.08
2684.1	4691.35	1318	5729.99	657	89	1318	93	317	917.85
4013.51	8642.52	1319	6488.89	619	662	1319	319	754	627.56
2387.12	5066.25	1320	5207.86	457	416	1320	690	988	496.89
7389.05	7118.8	1321	6320.15	291	413	1321	219	341	548.8
288.5	9572.27	1322	4769.48	107	990	1322	254	457	773.32
1968.56	4939.85	1323	599.09	460	58	1323	79	193	953.9
5307.97	7521.37	1324	7061.51	963	155	1324	90	22	737.51
7268.52	591.13	1325	7131.87	40	732	1325	160	547	185.55
1889.86	5071.84	1326	9834.78	184	427	1326	961	860	589.43
8258.53	937.86	1327	5034.2	989	921	1327	349	861	40.26
4268.41	3162.29	1328	8943.87	13	631	1328	155	644	585.36
7733.69	3274.88	1329	7101.43	831	340	1329	403	576	861.41
7191.67	5076.72	1330	4329.28	377	702	1330	615	923	644.06
3805.24	3126.12	1331	2498.58	106	919	1331	299	650	890.53
7931.22	1738.03	1332	191.17	626	827	1332	205	175	450.51
5492.48	6726.6	1333	4160.62	466	403	1333	359	89	876.12
3160.75	4261.11	1334	576.46	933	563	1334	101	704	596.77
8772.49	512.52	1335	935.34	128	814	1335	636	415	164.0
3360.25	9690.59	1336	433.23	601	23	1336	492	27	158.99
6843.63	818.31	1337	4741.34	332	567	1337	559	673	571.93
2670.44	5269.43	1338	6767.64	96	368	1338	84	44	62.03
129.55	4656.48	1339	1313.49	773	794	1339	355	527	353.73
8886.0	7929.11	1340	3528.82	695	908	1340	136	268	148.72
308.85	5287.56	1341	7965.74	165	178	1341	662	780	459.78
3189.16	9421.85	1342	1308.36	97	506	1342	160	966	216.13
9160.99	6316.83	1343	8258.27	929	966	1343	206	257	762.69
7172.57	2019.19	1344	899.04	195	538	1344	142	593	770.5
6204.82	7336.39	1345	3458.98	360	232	1345	336	638	889.76
1004.12	7831.85	1346	6219.1	114	308	1346	168	990	974.75
3946.13	4652.37	1347	5061.72	623	960	1347	695	399	562.05
9571.51	234.82	1348	4455.43	435	446	1348	813	174	913.02
2247.83	3956.06	1349	7822.36	323	280	1349	56	904	318.02
7946.6	7533.82	1350	3835.27	361	158	1350	863	650	823.34
4700.24	2683.3	1351	4590.9	33	271	1351	31	507	953.52
30.86	4490.88	1352	7782.56	214	352	1352	836	92	176.8
5429.11	5315.57	1353	8019.65	814	309	1353	777	833	594.8
2507.31	3164.89	1354	8724.37	909	324	1354	271	316	574.02
8565.4	52.0	1355	9587.75	897	340	1355	815	844	291.2
8745.49	7249.55	1356	898.56	182	240	1356	730	240	706.19
2196.28	5440.68	1357	3988.01	55	131	1357	883	555	248.13
8873.54	8780.86	1358	3653.37	634	644	1358	266	485	251.8
8840.89	9219.33	1359	7588.31	966	847	1359	594	248	437.74
3446.45	256.8	1360	2201.65	15	639	1360	855	209	223.39
7680.78	8066.41	1361	9354.37	839	78	1361	864	993	70.45
7081.92	5388.55	1362	993.77	25	312	1362	458	359	83.3
128.49	4351.26	1363	396.52	553	937	1363	72	112	994.0
3539.28	2025.43	1364	5783.92	472	515	1364	481	21	30.41
9963.78	6150.38	1365	2808.85	205	441	1365	552	714	19.08
6079.14	4622.8	1366	7150.33	766	219	1366	503	100	603.98
6904.64	6163.17	1367	4570.59	65	360	1367	14	618	319.83
9311.84	4579.05	1368	2482.46	644	545	1368	566	348	334.23
5950.34	8514.49	1369	3159.71	188	240	1369	632	894	797.3
3310.44	354.09	1370	7635.26	891	450	1370	21	829	660.79
6307.21	9138.48	1371	6371.42	174	703	1371	384	528	294.03
6772.58	1641.83	1372	9099.18	679	800	1372	148	4	621.2
4003.53	4369.63	1373	5753.4	764	633	1373	888	243	821.16
4642.95	3763.93	1374	6405.45	120	511	1374	953	932	784.53
5528.25	300.29	1375	5190.37	428	836	1375	146	584	612.48
9997.59	2689.36	1376	4507.04	740	244	1376	383	386	945.83
7364.25	2905.01	1377	6717.02	107	331	1377	77	906	804.81
9941.25	1722.44	1378	8649.05	191	605	1378	772	443	313.2
2288.2	892.71	1379	6600.79	754	509	1379	135	350	356.67
6345.45	3666.48	1380	4491.31	846	586	1380	4	263	9.08
1329.09	7193.05	1381	2891.0	654	85	1381	984	978	241.42
5090.62	4052.64	1382	5195.1	107	826	1382	57	902	968.05
3609.94	9204.02	1383	3849.23	811	798	1383	656	947	178.87
7532.57	9255.07	1384	9872.7	33	818	1384	169	212	934.51
7130.07	1148.44	1385	9959.35	698	882	1385	724	357	148.69
8471.82	5151.64	1386	9442.0	297	705	1386	395	838	373.88
162.53	2131.0	1387	8497.59	411	894	1387	211	698	819.81
6244.2	3853.86	1388	6023.38	506	928	1388	838	387	216.56
7395.98	8282.62	1389	6365.75	659	294	1389	861	319	905.32
2244.62	28.15	1390	7851.67	971	298	1390	745	597	377.54
4225.3	9409.73	1391	3211.96	888	263	1391	795	518	888.35
817.97	2910.57	1392	4154.23	28	696	1392	325	892	393.82
9208.84	1712.24	1393	5501.67	588	707	1393	997	463	889.76
2006.37	309.78	1394	3063.18	85	564	1394	23	41	186.83
9849.69	5535.64	1395	6463.78	876	758	1395	407	544	578.29
1678.46	2952.58	1396	5026.49	541	671	1396	728	519	208.52
5993.92	2864.35	1397	1401.47	315	251	1397	118	121	343.26
7685.76	6792.88	1398	9325.24	783	186	1398	424	410	990.15
4338.59	2737.95	1399	4009.67	21	689	1399	789	289	784.37
3253.69	1287.22	1400	1747.06	232	502	1400	515	92	799.93
593.78	9531.48	1401	3285.28	132	836	1401	679	609	154.42
2650.99	3124.47	1402	3641.23	771	429	1402	854	241	728.56
6256.2	7377.43	1403	6064.95	695	812	1403	10	871	180.19
1828.62	9878.23	1404	9079.35	97	493	1404	754	387	30.56
5984.25	6512.12	1405	3028.46	400	173	1405	338	419	447.54
7852.65	5515.1	1406	7302.36	398	260	1406	40	127	822.26
2739.08	5514.49	1407	9115.63	659	16	1407	63	168	856.64
3001.21	3720.04	1408	3222.91	297	933	1408	723	322	506.88
9007.96	6226.97	1409	7801.9	73	793	1409	307	234	273.99
5468.25	999.5	1410	7389.23	207	171	1410	791	798	913.31
683.05	3515.68	1411	7946.62	320	140	1411	707	137	920.25
7533.61	6103.11	1412	6588.56	761	131	1412	340	643	867.45
2797.31	6306.14	1413	6242.16	228	506	1413	894	537	488.59
8381.37	185.15	1414	6705.76	1000	252	1414	125	853	229.49
958.3	4838.21	1415	9209.31	948	487	1415	75	425	586.19
4507.84	8246.61	1416	2167.35	836	936	1416	315	305	49.95
266.58	4430.15	1417	3112.25	754	391	1417	677	406	214.6
233.48	4671.89	1418	1139.79	661	523	1418	728	431	506.56
6976.84	6431.59	1419	7249.7	420	154	1419	70	461	710.49
2243.03	5298.58	1420	9318.86	589	122	1420	550	910	713.55
7347.66	8170.04	1421	755.31	614	285	1421	730	164	403.72
6512.42	4678.73	1422	3585.7	871	670	1422	601	695	368.02
2538.75	2128.94	1423	2003.49	552	282	1423	958	562	618.38
3577.97	2140.52	1424	2997.26	975	653	1424	845	438	574.47
3442.26	4685.36	1425	3656.78	286	440	1425	544	112	135.86
1252.33	4050.3	1426	3138.32	251	621	1426	558	51	46.02
8051.64	9026.27	1427	7237.87	150	965	1427	92	869	285.63
6861.72	5837.43	1428	6645.57	579	470	1428	190	813	918.51
9354.05	7398.18	1429	972.91	850	887	1429	167	994	46.99
3983.32	4141.99	1430	667.36	175	526	1430	37	758	794.22
5985.64	7822.92	1431	7451.56	291	890	1431	866	704	588.89
9484.85	5864.26	1432	30.05	256	304	1432	126	376	468.77
7787.84	2572.03	1433	8737.97	910	931	1433	929	251	63.95
195.81	2023.81	1434	9157.24	247	416	1434	786	689	371.95
125.16	4182.8	1435	3012.33	231	175	1435	617	131	744.6
6163.74	173.64	1436	7374.75	579	935	1436	266	404	785.48
2565.36	5199.58	1437	7767.48	26	129	1437	304	114	811.56
696.36	1457.29	1438	9280.31	995	686	1438	666	996	476.44
5451.86	5326.76	1439	8570.44	165	738	1439	635	54	999.69
2056.62	2512.6	1440	7051.69	128	366	1440	226	307	125.52
8942.0	9937.35	1441	8601.18	718	35	1441	952	640	233.2
8529.25	6565.03	1442	5606.22	972	427	1442	475	908	105.36
8352.52	5473.43	1443	1215.37	857	623	1443	545	376	607.75
2845.09	2426.41	1444	7675.69	59	503	1444	111	656	378.66
1424.63	6585.42	1445	4827.75	138	469	1445	760	99	214.07
5666.38	8893.4	1446	8292.92	870	738	1446	990	251	522.36
6772.08	6491.79	1447	2293.79	730	800	1447	883	277	91.59
5287.06	6730.89	1448	1466.15	560	617	1448	735	245	926.86
147.68	6460.03	1449	3060.55	892	757	1449	917	649	65.0
2365.85	6008.66	1450	848.99	116	523	1450	458	330	977.91
8118.1	3577.42	1451	2349.96	266	263	1451	313	691	542.61
6170.96	2477.15	1452	1468.07	639	43	1452	75	209	300.4
3893.54	9089.17	1453	4381.03	575	539	1453	738	198	327.17
1694.17	344.79	1454	4934.46	875	168	1454	536	954	357.62
6193.22	3116.68	1455	2859.52	321	994	1455	617	933	207.51
3781.0	690.94	1456	1077.62	403	887	1456	583	899	685.77
5896.03	5083.85	1457	4829.34	895	734	1457	507	104	865.81
4593.66	1233.92	1458	9500.75	156	949	1458	566	46	148.56
4095.0	7409.37	1459	4205.09	858	805	1459	42	504	886.08
972.87	4040.14	1460	2935.23	78	330	1460	652	235	22.36
1827.09	8544.96	1461	4237.61	278	687	1461	542	451	471.31
7802.07	7499.46	1462	7788.6	671	369	1462	14	256	53.0
8268.35	5907.85	1463	7734.58	641	232	1463	595	914	16.62
1666.7	7265.61	1464	6791.29	59	468	1464	325	9	766.03
6315.2	5152.33	1465	934.34	968	576	1465	726	394	477.17
4909.48	1134.14	1466	8072.03	842	2	1466	290	407	9.87
4990.63	9180.25	1467	1198.99	1	6	1467	957	639	78.5
7799.4	6352.22	1468	2504.05	406	97	1468	353	625	622.77
8388.98	2014.95	1469	8987.51	886	468	1469	825	205	635.55
4107.56	6969.26	1470	87.41	964	125	1470	188	244	238.52
3552.91	1804.88	1471	5753.04	892	56	1471	750	726	610.58
7267.28	9805.95	1472	1280.98	742	69	1472	135	809	216.0
7789.07	5814.47	1473	3836.39	673	952	1473	141	797	98.9
4634.9	4935.14	1474	5359.25	129	576	1474	598	700	812.15
9759.08	7800.2	1475	2917.81	695	785	1475	674	363	282.03
4643.29	7773.95	1476	3756.98	732	607	1476	550	788	254.72
8016.52	5466.33	1477	4126.06	49	479	1477	679	458	548.66
4756.37	7223.85	1478	2369.43	362	984	1478	355	609	820.4
8098.4	8612.84	1479	4747.31	433	566	1479	209	393	945.83
518.54	5.56	1480	1934.29	614	386	1480	490	232	556.77
7459.65	3591.35	1481	944.04	927	272	1481	642	167	895.52
4888.26	2446.47	1482	4612.53	632	496	1482	934	876	861.0
4405.06	2473.89	1483	9528.68	314	141	1483	343	814	558.03
7303.53	5068.15	1484	3351.37	607	786	1484	886	937	270.18
6889.44	3361.16	1485	8636.64	874	51	1485	416	813	355.97
4664.16	208.82	1486	9015.28	482	257	1486	519	93	875.04
7036.35	6048.3	1487	5794.53	492	631	1487	98	91	762.22
2984.99	3418.79	1488	8613.96	442	331	1488	526	46	893.6
1936.86	4514.12	1489	2183.43	403	382	1489	417	473	829.51
373.18	7311.55	1490	9957.98	871	453	1490	698	541	447.57
3791.62	4034.13	1491	9239.48	92	654	1491	493	966	232.91
2790.76	5197.78	1492	9867.38	741	642	1492	348	553	887.86
9683.37	2228.36	1493	5071.95	498	11	1493	156	760	337.9
9998.62	1264.31	1494	5625.22	121	189	1494	86	650	61.44
6934.24	4439.88	1495	2625.95	960	66	1495	509	763	886.73
7807.64	2496.57	1496	2238.45	479	867	1496	357	778	822.42
968.05	5510.58	1497	4434.8	208	411	1497	903	373	579.27
8795.75	3255.06	1498	1014.21	150	418	1498	143	236	839.25
7974.95	4963.72	1499	6326.16	466	791	1499	352	431	346.9
